ID_Venta,ID_Cliente,monto,fecha
1,171,1007.27,16/11/2024
2,435,959.55,2024-03-20
3,126,255.34,27/05/2024
4,369,144.34,04/12/2024
5,420,541.47,21/07/2024
6,241,277.32,01/10/2024
6,241,277.32,01/10/2024
6,241,277.32,01/10/2024
6,241,277.32,01/10/2024
6,241,277.32,01/10/2024
6,241,277.32,01/10/2024
6,241,277.32,01/10/2024
6,241,277.32,01/10/2024
6,241,277.32,01/10/2024
6,241,277.32,01/10/2024
6,241,277.32,01/10/2024
6,241,277.32,01/10/2024
6,241,277.32,01/10/2024
7,215,154.48,20/11/2024
8,125,162.31,26/08/2024
9,99,NULL,2024-09-03
10,359,646.92,2024-08-27
11,371,454.01,09/10/2024
12,404,148.69,2024-05-16
13,98,679.26,2024-12-19
14,227,474.75,29/09/2024
15,25,NULL,2024-05-15
16,111,310.15,2024-09-18
17,8,569.06,29/06/2024
18,184,682.86,23/06/2024
19,246,NULL,2024-01-22
20,213,464.11,22/10/2024
21,373,257.58,30/12/2024
22,473,843.58,2024-04-29
23,370,378.98,2024-05-08
24,340,696.27,03/12/2024
25,215,594.73,2024-03-31
26,419,717.00,23/11/2024
27,436,740.41,2024-01-12
28,115,NULL,2024-08-20
34,357,113.87,2024-07-24
35,443,47.85,2024-10-03
36,431,NULL,2024-11-08
37,253,275.33,29/06/2024
38,52,NULL,2024-02-06
39,495,250.08,30/08/2024
40,249,950.18,23/05/2024
41,122,NULL,16/01/2024
42,467,884.00,2024-03-18
42,467,884.00,2024-03-18
42,467,884.00,2024-03-18
42,467,884.00,2024-03-18
42,467,884.00,2024-03-18
42,467,884.00,2024-03-18
42,467,884.00,2024-03-18
42,467,884.00,2024-03-18
42,467,884.00,2024-03-18
42,467,884.00,2024-03-18
42,467,884.00,2024-03-18
42,467,884.00,2024-03-18
42,467,884.00,2024-03-18
43,382,594.25,28/03/2024
44,500,395.26,01/05/2024
45,189,291.73,2024-12-16
46,258,941.60,2024-01-25
47,311,663.16,2024-10-25
48,212,45.82,15/11/2024
49,392,127.46,2024-03-07
50,393,556.05,2024-04-24
51,400,884.31,01/06/2024
52,232,924.03,15/03/2024
53,428,753.33,2024-06-04
54,471,309.98,24/03/2024
55,234,850.11,04/10/2024
56,15,275.76,2024-10-11
57,377,864.20,16/06/2024
58,143,NULL,01/09/2024
59,138,985.42,2024-01-24
60,464,452.99,2024-01-25
61,350,389.56,29/11/2024
62,272,213.20,24/12/2024
63,278,492.67,2024-03-04
64,50,577.06,2024-11-17
65,326,136.09,2024-07-14
66,164,NULL,24/10/2024
76,289,579.37,19/08/2024
77,182,483.38,2024-09-23
78,383,885.57,28/09/2024
79,151,447.91,13/08/2024
80,464,162.85,21/07/2024
81,281,55.69,2024-10-24
82,352,262.47,18/06/2024
83,98,306.54,2024-11-18
84,75,53.99,2024-06-29
85,347,833.13,30/05/2024
86,264,437.87,2024-05-21
87,66,100.13,2024-07-12
88,385,975.91,07/06/2024
89,485,825.87,11/10/2024
90,282,701.97,29/01/2024
91,150,414.51,28/12/2024
92,124,515.60,2024-05-22
93,303,469.83,2024-04-17
94,132,400.17,2024-01-17
95,146,768.77,2024-10-15
96,255,379.26,04/06/2024
97,107,290.61,01/06/2024
98,464,175.05,2024-10-13
99,478,269.27,27/04/2024
100,277,320.87,07/12/2024
101,82,NULL,2024-08-14
102,262,202.79,2024-12-17
103,345,714.01,2024-03-07
104,166,574.57,29/09/2024
105,134,672.74,13/03/2024
106,440,364.85,01/11/2024
107,21,371.63,2024-07-01
108,175,178.46,24/01/2024
109,491,616.27,2024-09-10
110,380,318.29,09/01/2024
111,472,415.73,23/03/2024
112,430,547.59,2024-06-23
113,467,359.31,31/03/2024
114,30,615.40,17/12/2024
115,376,92.47,2024-10-18
116,285,539.94,11/12/2024
117,406,636.83,13/08/2024
118,298,800.74,2024-09-03
119,277,35.54,2024-07-03
120,389,538.02,2024-01-13
121,299,630.11,31/05/2024
122,355,369.26,2024-06-14
123,274,235.32,12/05/2024
124,398,61.40,2024-10-23
125,143,77.13,17/09/2024
126,211,542.90,2024-05-05
127,180,721.13,14/04/2024
128,289,NULL,01/01/2024
129,374,434.25,2024-05-04
130,468,462.99,12/03/2024
131,23,78.68,22/11/2024
132,106,239.27,15/06/2024
133,99,491.83,2024-05-19
134,108,993.63,04/10/2024
135,186,782.92,06/05/2024
136,165,50.93,27/10/2024
137,476,567.58,2024-01-15
138,184,487.75,12/10/2024
139,90,206.68,19/02/2024
140,319,17.97,2024-05-31
141,4,971.96,16/03/2024
142,388,971.49,16/04/2024
143,178,448.80,19/02/2024
144,106,594.15,2024-03-15
145,25,10.04,24/07/2024
146,241,116.61,14/09/2024
147,155,254.42,2024-11-07
148,260,NULL,2024-12-15
149,479,666.56,2024-11-13
150,323,149.59,2024-11-05
151,343,353.54,10/05/2024
152,277,805.72,2024-02-24
153,10,219.46,20/10/2024
154,379,609.69,2024-08-01
155,146,655.16,20/08/2024
156,419,898.81,2024-05-06
157,465,225.16,24/09/2024
158,418,396.14,2024-10-26
159,60,289.00,28/03/2024
160,75,NULL,2024-05-20
161,421,758.96,2024-08-26
162,266,879.55,27/09/2024
163,449,605.67,02/04/2024
164,321,315.07,11/01/2024
165,288,240.06,2024-03-11
166,321,209.73,08/01/2024
167,364,708.61,2024-09-23
168,180,925.86,2024-03-06
169,269,140.52,25/08/2024
170,312,967.83,04/08/2024
171,46,89.61,11/09/2024
172,163,687.33,2024-12-12
173,182,721.45,2024-04-04
174,130,804.46,09/10/2024
175,285,953.73,20/10/2024
176,319,959.07,21/04/2024
177,117,558.00,2024-04-25
178,306,691.83,14/06/2024
179,486,541.24,12/05/2024
180,122,898.91,14/09/2024
181,151,58.30,17/03/2024
182,418,251.77,2024-01-27
183,340,889.36,2024-08-03
184,209,321.76,2024-03-03
185,494,163.79,2024-01-16
186,358,96.88,17/03/2024
187,385,791.43,30/11/2024
188,415,501.32,13/11/2024
189,270,825.49,2024-08-24
190,391,461.90,25/07/2024
191,338,394.00,2024-03-18
192,223,605.18,21/04/2024
193,436,588.32,2024-02-25
194,16,396.91,2024-01-28
195,416,172.14,08/08/2024
196,482,NULL,25/08/2024
197,426,981.58,2024-10-20
198,94,74.15,2024-07-13
199,217,538.60,2024-02-21
200,437,103.38,2024-11-27
201,317,299.18,17/10/2024
202,291,855.27,2024-10-30
203,68,516.09,2024-05-26
204,25,NULL,18/04/2024
205,114,529.69,2024-10-30
206,262,45.49,2024-12-18
207,195,NULL,05/03/2024
208,348,664.64,04/03/2024
209,296,392.96,2024-12-14
210,458,799.09,2024-10-04
211,166,854.48,27/01/2024
212,499,865.67,2024-04-13
213,254,918.17,08/09/2024
214,500,634.46,16/11/2024
215,173,396.96,2024-04-02
216,110,36.41,10/07/2024
217,132,930.03,09/02/2024
218,211,643.06,2024-03-28
219,360,201.27,03/03/2024
220,407,300.44,2024-03-16
221,297,929.75,2024-02-21
222,481,67.95,10/06/2024
223,424,980.80,29/10/2024
224,347,859.57,23/11/2024
225,311,222.50,2024-06-09
226,378,1003.68,2024-02-02
227,305,45.14,2024-03-10
228,188,385.31,2024-10-05
229,444,54.37,2024-11-11
230,459,NULL,28/03/2024
231,228,412.54,22/07/2024
232,364,651.37,21/08/2024
233,132,208.27,2024-05-22
234,284,604.12,2024-03-09
235,476,151.69,15/02/2024
236,148,625.67,2024-01-16
237,439,688.61,2024-12-28
238,74,346.32,26/01/2024
239,51,178.83,2024-04-20
240,315,301.90,2024-11-19
241,87,536.51,10/06/2024
242,98,687.68,12/02/2024
243,146,652.22,2024-08-04
244,125,603.24,2024-01-12
245,238,984.73,28/03/2024
246,49,571.72,16/10/2024
247,241,NULL,2024-04-26
248,284,662.16,2024-04-17
249,260,15.82,2024-06-10
250,267,124.61,2024-05-16
251,120,648.63,2024-12-26
252,499,NULL,30/07/2024
253,254,469.34,2024-02-29
254,44,494.49,2024-06-02
255,189,14.49,07/09/2024
256,4,896.36,08/10/2024
257,202,296.73,25/10/2024
258,42,551.58,2024-07-19
259,123,167.46,11/10/2024
260,372,664.14,29/09/2024
261,155,601.45,16/06/2024
262,76,444.75,27/11/2024
263,209,546.56,2024-06-10
264,192,793.84,11/06/2024
265,374,786.60,2024-01-09
266,54,23.33,2024-04-12
267,209,959.66,14/04/2024
268,178,520.70,2024-07-02
269,47,528.97,2024-01-06
270,469,390.64,2024-10-17
271,6,340.14,2024-03-03
272,478,476.60,2024-04-06
273,364,15.15,2024-07-23
274,128,216.31,16/08/2024
275,193,NULL,06/03/2024
276,354,NULL,2024-06-15
277,304,496.77,14/10/2024
278,296,192.74,25/02/2024
279,172,263.54,23/09/2024
280,81,576.66,27/04/2024
281,296,219.26,24/08/2024
282,39,965.84,21/06/2024
283,480,20.98,2024-07-29
284,59,936.10,17/07/2024
285,261,338.87,2024-07-21
286,327,53.53,10/12/2024
287,238,304.02,2024-04-23
288,18,115.99,2024-09-14
289,57,897.15,05/11/2024
290,467,805.85,2024-09-23
291,393,308.12,07/08/2024
292,54,352.08,2024-07-14
293,73,136.96,11/02/2024
294,338,NULL,06/08/2024
295,286,605.46,2024-03-04
296,248,274.67,30/07/2024
297,236,703.98,2024-12-08
298,441,318.67,2024-12-06
299,174,665.62,30/04/2024
300,136,34.74,10/01/2024
301,36,191.98,23/10/2024
302,423,415.17,2024-02-05
303,247,422.32,2024-05-23
304,197,724.97,21/01/2024
305,278,390.98,30/03/2024
306,498,218.95,05/01/2024
307,42,635.60,20/02/2024
308,343,NULL,2024-11-19
309,242,368.58,2024-06-16
310,389,195.77,17/07/2024
311,228,878.39,26/05/2024
312,405,750.99,20/10/2024
313,205,946.65,2024-02-09
314,94,514.29,2024-11-23
315,221,236.02,2024-05-01
316,428,850.64,08/04/2024
317,139,30.52,26/11/2024
318,172,NULL,2024-11-30
319,315,110.57,29/03/2024
320,142,604.95,2024-10-03
321,34,118.74,15/06/2024
322,107,833.88,28/09/2024
323,295,811.66,2024-12-05
324,28,250.23,2024-01-26
325,36,544.46,06/07/2024
326,447,955.70,2024-12-08
327,412,48.78,01/05/2024
328,395,398.26,10/04/2024
329,55,275.36,25/01/2024
330,412,73.25,2024-10-20
331,111,823.27,2024-06-17
332,186,220.45,2024-08-31
333,177,796.21,2024-10-02
334,451,527.74,2024-09-22
335,35,623.43,2024-01-12
336,215,1004.47,2024-01-11
337,369,797.25,27/04/2024
338,100,NULL,2024-08-13
339,236,113.43,19/09/2024
340,291,995.33,2024-06-28
341,196,236.55,2024-10-13
342,421,741.14,30/04/2024
343,167,395.15,2024-04-27
344,461,440.27,21/11/2024
345,374,64.82,28/04/2024
346,163,311.56,2024-10-19
347,194,495.85,2024-09-29
348,104,365.84,25/11/2024
349,168,812.81,30/03/2024
350,418,683.75,16/04/2024
351,139,702.95,2024-09-03
352,262,383.66,24/05/2024
353,334,770.55,09/06/2024
354,82,22.64,2024-10-06
355,76,835.97,2024-05-01
356,187,239.43,2024-01-01
357,199,712.96,2024-10-12
358,88,125.32,2024-08-13
359,59,281.64,11/02/2024
360,9,652.93,2024-01-24
361,166,325.76,05/01/2024
362,244,522.67,12/05/2024
363,340,475.90,29/09/2024
364,224,629.90,04/10/2024
365,218,145.60,31/08/2024
366,146,390.57,2024-08-14
367,220,393.81,2024-05-02
368,493,650.53,21/04/2024
369,93,NULL,2024-07-12
370,56,479.77,05/12/2024
371,124,483.48,10/10/2024
372,385,247.23,2024-08-05
373,495,863.26,2024-04-21
374,102,927.49,06/08/2024
375,89,960.71,17/06/2024
376,461,357.07,19/04/2024
377,146,909.35,2024-06-23
378,441,221.28,03/02/2024
379,11,109.57,2024-09-12
380,251,536.13,26/06/2024
381,94,859.68,2024-06-15
382,438,NULL,10/02/2024
383,136,NULL,13/05/2024
384,487,933.71,16/10/2024
385,15,749.87,16/10/2024
386,381,851.18,2024-02-17
387,430,959.86,24/04/2024
388,235,640.40,2024-09-30
389,484,28.63,25/08/2024
390,115,303.83,2024-07-06
391,468,877.28,2024-01-21
392,243,840.88,02/06/2024
393,481,805.10,19/06/2024
394,111,879.11,09/07/2024
395,468,745.18,20/07/2024
396,352,208.17,08/06/2024
397,482,664.78,2024-10-07
398,300,660.07,18/12/2024
399,142,754.88,05/08/2024
400,243,745.78,2024-08-09
401,373,283.72,2024-07-02
402,262,957.27,17/04/2024
403,94,721.23,29/10/2024
404,485,882.96,12/11/2024
405,223,790.78,29/10/2024
406,22,535.26,01/08/2024
407,314,35.70,2024-11-04
408,136,281.11,2024-09-20
409,443,656.04,24/04/2024
410,108,45.90,2024-09-29
411,208,975.23,05/08/2024
412,45,1001.12,14/01/2024
413,89,356.52,27/12/2024
414,367,285.65,21/08/2024
415,159,386.79,2024-04-22
416,442,793.15,06/12/2024
417,150,598.33,2024-06-23
418,425,488.94,2024-06-18
419,193,482.99,2024-07-12
420,142,284.58,2024-08-31
421,320,72.26,2024-06-05
422,490,118.19,2024-03-27
423,23,455.09,2024-01-19
424,114,229.43,15/02/2024
425,77,509.68,12/02/2024
426,306,719.66,23/12/2024
427,319,332.26,2024-05-19
428,151,898.85,06/03/2024
429,397,759.30,05/02/2024
430,39,235.49,2024-08-06
431,217,522.25,04/11/2024
432,397,787.71,2024-08-21
433,211,651.62,2024-05-27
434,11,410.23,01/06/2024
435,62,439.87,21/01/2024
436,38,808.96,03/07/2024
437,196,10.85,2024-06-30
438,196,123.62,23/08/2024
439,321,394.20,15/07/2024
440,141,96.76,14/02/2024
441,193,626.21,31/03/2024
442,490,830.10,2024-10-09
443,467,924.37,2024-12-20
444,113,418.50,22/09/2024
445,234,362.36,29/06/2024
446,271,478.78,2024-01-17
447,81,837.25,11/04/2024
448,465,286.97,2024-11-26
449,343,512.35,16/05/2024
450,370,667.13,2024-10-31
451,244,205.94,05/05/2024
452,80,346.25,17/12/2024
453,314,369.86,12/03/2024
454,410,88.20,2024-02-09
455,467,904.95,12/08/2024
456,348,64.13,11/10/2024
457,365,373.87,2024-05-07
458,41,564.39,2024-10-19
459,462,316.55,2024-07-07
460,459,NULL,09/02/2024
461,101,826.49,13/09/2024
462,212,NULL,2024-09-25
463,217,476.74,23/12/2024
464,236,686.00,06/08/2024
465,311,688.37,17/04/2024
466,41,339.83,17/07/2024
467,201,671.91,18/12/2024
468,129,179.75,2024-11-29
469,256,548.37,19/08/2024
470,214,853.56,2024-03-11
471,167,430.39,2024-12-28
472,204,105.58,22/02/2024
473,432,840.74,2024-01-05
474,280,121.03,30/01/2024
475,275,914.76,2024-03-29
476,118,557.06,11/04/2024
477,119,67.15,12/12/2024
478,37,365.73,09/02/2024
479,420,830.79,2024-01-17
480,362,234.24,2024-10-01
481,355,316.97,2024-06-13
482,115,300.68,16/06/2024
483,46,163.26,2024-01-31
484,448,427.73,19/11/2024
485,73,927.40,13/02/2024
486,238,NULL,2024-03-13
487,26,141.20,2024-01-13
488,58,13.69,2024-01-15
489,186,567.31,2024-04-01
490,248,153.31,2024-04-08
491,364,962.21,19/07/2024
492,454,700.49,2024-12-16
493,194,101.77,05/04/2024
494,194,584.34,07/06/2024
495,441,864.06,2024-04-18
496,288,182.73,2024-02-09
497,384,249.96,2024-08-28
498,133,972.92,2024-11-26
499,128,1009.25,11/09/2024
500,236,917.08,2024-12-27
501,364,135.83,2024-11-06
502,158,NULL,21/10/2024
503,255,80.84,2024-10-09
504,437,NULL,2024-11-17
505,298,908.95,18/09/2024
506,69,275.39,2024-10-21
507,434,11.54,21/03/2024
508,184,790.14,06/07/2024
509,229,340.16,02/03/2024
510,272,426.22,11/01/2024
511,390,703.21,29/02/2024
512,337,355.70,06/07/2024
513,118,468.68,09/08/2024
514,425,553.47,09/09/2024
515,36,165.38,2024-04-26
516,362,134.70,2024-11-10
517,185,188.69,29/01/2024
518,10,268.80,2024-09-28
519,307,312.71,27/03/2024
520,50,624.39,2024-10-13
521,374,683.15,23/01/2024
522,331,605.96,2024-05-19
523,5,472.67,2024-09-16
524,348,631.74,23/07/2024
525,274,647.15,05/03/2024
526,418,730.23,2024-02-29
527,408,525.18,2024-06-12
528,423,885.91,2024-01-12
529,484,780.93,2024-12-13
530,399,286.14,2024-01-26
531,205,974.05,18/08/2024
532,122,876.62,13/04/2024
533,142,1005.40,12/05/2024
534,2,639.35,05/12/2024
535,282,NULL,29/12/2024
536,375,535.69,01/04/2024
537,77,NULL,2024-01-27
538,244,646.63,2024-09-16
539,491,925.79,28/07/2024
540,39,93.04,19/11/2024
541,74,959.35,2024-09-18
542,20,NULL,06/06/2024
543,409,493.44,02/11/2024
544,13,970.75,2024-01-10
545,92,639.42,2024-04-26
546,335,943.56,2024-09-19
547,42,60.38,16/03/2024
548,308,463.13,2024-01-26
549,345,131.66,2024-02-09
550,432,348.00,2024-08-27
551,42,994.49,2024-12-13
552,6,999.74,13/09/2024
553,254,639.14,2024-05-21
554,189,482.12,28/07/2024
555,140,511.40,2024-01-09
556,300,848.84,17/07/2024
557,241,455.95,2024-02-19
558,500,945.77,2024-10-13
559,84,911.69,18/08/2024
560,479,603.47,26/08/2024
561,207,267.01,2024-03-02
562,442,879.51,2024-07-30
563,496,80.36,2024-06-04
564,475,502.89,26/10/2024
565,460,931.80,30/03/2024
566,308,884.71,30/01/2024
567,192,210.16,2024-05-11
568,411,NULL,2024-04-16
569,215,93.90,2024-09-23
570,432,40.53,2024-10-23
571,360,652.55,2024-09-24
572,235,349.98,24/03/2024
573,200,347.33,2024-10-24
574,391,954.37,30/11/2024
575,267,984.23,17/09/2024
576,97,520.38,17/12/2024
577,263,75.57,12/07/2024
578,106,699.85,19/03/2024
579,451,611.35,26/04/2024
580,163,370.13,2024-11-29
581,86,79.99,2024-10-13
582,467,730.02,2024-04-15
583,191,NULL,29/12/2024
584,461,341.52,2024-01-05
585,328,253.00,18/09/2024
586,60,872.25,2024-04-22
587,305,778.05,09/02/2024
588,45,356.58,13/10/2024
589,418,574.02,17/03/2024
590,451,716.61,2024-04-24
591,452,196.87,02/06/2024
592,255,932.04,2024-12-05
593,218,604.85,2024-05-24
594,234,354.09,03/05/2024
595,434,1001.68,17/01/2024
596,110,118.07,2024-02-02
597,200,440.32,2024-08-02
598,7,470.84,21/08/2024
599,496,NULL,05/10/2024
600,152,243.53,16/09/2024
601,54,698.60,14/02/2024
602,450,953.14,29/10/2024
603,74,805.95,21/10/2024
604,158,853.99,2024-03-12
605,374,484.05,2024-04-14
606,306,150.38,29/02/2024
607,235,880.25,2024-04-22
608,94,NULL,17/06/2024
609,403,828.94,21/04/2024
610,37,17.54,2024-06-27
611,170,132.76,2024-04-12
612,306,242.34,2024-12-01
613,16,883.92,29/04/2024
614,34,586.65,2024-05-06
615,146,206.90,2024-02-13
616,184,315.68,01/07/2024
617,126,37.43,2024-04-04
618,343,195.24,2024-05-12
619,432,571.43,21/11/2024
620,57,106.22,2024-10-25
621,313,508.67,03/11/2024
622,405,164.42,27/08/2024
623,306,610.00,2024-11-23
624,135,478.43,21/06/2024
625,119,141.86,14/05/2024
626,391,675.73,2024-08-14
627,164,922.72,23/05/2024
628,146,505.28,2024-10-15
629,491,748.76,17/03/2024
630,397,325.39,2024-11-05
631,282,692.97,2024-11-25
632,370,750.97,2024-06-02
633,462,978.90,2024-02-08
634,61,84.11,2024-04-26
635,38,875.31,03/10/2024
636,289,327.03,2024-10-31
637,452,NULL,09/09/2024
638,210,NULL,2024-03-23
639,279,856.16,2024-01-24
640,283,449.66,09/04/2024
641,204,889.39,2024-01-15
642,497,271.62,2024-01-10
643,423,200.91,2024-01-09
644,282,33.17,2024-05-16
645,100,790.53,16/01/2024
646,189,667.76,10/02/2024
647,255,535.78,2024-05-27
648,18,704.35,2024-11-16
649,309,411.76,2024-01-28
650,205,872.69,2024-09-16
651,490,856.71,2024-04-13
652,262,278.64,22/05/2024
653,418,NULL,27/06/2024
654,479,715.34,2024-10-13
655,94,336.07,2024-07-06
656,439,571.88,15/10/2024
657,32,545.85,2024-08-13
658,275,855.45,2024-02-11
659,490,834.25,07/11/2024
660,435,339.01,05/06/2024
661,147,13.11,05/06/2024
662,343,646.32,2024-12-01
663,151,823.80,2024-10-04
664,140,743.50,05/06/2024
665,82,170.01,29/07/2024
666,123,782.69,19/06/2024
667,133,840.55,22/05/2024
668,413,306.73,2024-03-16
669,91,868.92,09/09/2024
670,50,808.97,2024-04-15
671,116,772.08,2024-05-25
672,89,934.40,2024-12-21
673,112,306.43,2024-08-15
674,204,615.08,2024-11-01
675,296,473.91,2024-06-28
676,264,238.90,2024-08-08
677,22,914.85,19/10/2024
678,47,32.89,2024-08-09
679,113,888.95,31/08/2024
680,475,903.88,09/06/2024
681,261,901.09,2024-03-27
682,221,161.72,27/11/2024
683,361,265.62,2024-05-12
684,469,187.30,06/12/2024
685,191,412.40,2024-03-20
686,17,465.96,2024-05-14
687,303,771.83,12/01/2024
688,487,905.88,09/04/2024
689,396,312.55,17/08/2024
690,409,574.29,13/05/2024
691,98,814.72,13/07/2024
692,246,845.09,2024-06-10
693,225,220.71,19/12/2024
694,441,877.84,2024-07-21
695,141,869.36,17/10/2024
696,378,680.93,13/12/2024
697,94,810.97,2024-07-16
698,171,406.99,2024-06-18
699,66,927.97,2024-04-04
700,442,553.25,2024-05-18
701,249,239.67,20/11/2024
702,47,755.67,27/04/2024
703,339,57.56,2024-10-24
704,50,NULL,2024-08-03
705,57,620.30,2024-08-01
706,436,408.96,28/09/2024
707,76,174.22,07/10/2024
708,41,283.61,19/06/2024
709,84,673.59,06/02/2024
710,224,325.01,2024-12-19
711,249,394.68,03/11/2024
712,307,863.24,2024-09-10
713,261,64.31,2024-05-02
714,292,783.44,13/06/2024
715,395,631.84,14/09/2024
716,292,274.58,2024-10-09
717,63,153.08,2024-08-06
718,290,756.65,22/12/2024
719,278,553.43,02/05/2024
720,50,136.58,09/07/2024
721,34,656.94,2024-09-09
722,338,481.04,18/11/2024
723,19,587.57,20/08/2024
724,183,467.93,2024-06-02
725,214,107.45,2024-01-01
726,216,471.90,2024-11-23
727,457,632.73,15/08/2024
728,310,299.88,2024-12-05
729,187,266.04,02/07/2024
730,177,221.31,03/11/2024
731,162,477.29,22/12/2024
732,332,911.14,28/02/2024
733,342,636.94,05/10/2024
734,414,765.20,26/11/2024
735,413,582.44,2024-06-12
736,173,852.65,28/11/2024
737,148,807.68,2024-07-04
738,101,821.37,2024-08-06
739,90,939.98,24/01/2024
740,103,564.58,10/09/2024
741,329,31.08,2024-06-29
742,472,335.38,2024-09-08
743,322,820.87,2024-08-15
744,144,975.94,05/10/2024
745,209,734.36,06/01/2024
746,180,710.07,23/01/2024
747,308,591.89,10/07/2024
748,434,188.63,2024-08-04
749,46,90.08,16/09/2024
750,190,719.21,21/01/2024
751,284,638.25,03/11/2024
752,386,338.52,2024-04-22
753,286,910.57,2024-12-23
754,346,526.88,04/08/2024
755,443,561.78,2024-07-08
756,48,289.10,2024-06-14
757,146,606.04,2024-09-16
758,228,347.50,27/04/2024
759,405,987.43,2024-04-14
760,250,700.47,2024-08-16
761,258,936.68,2024-12-21
762,106,78.53,2024-05-24
763,111,913.27,2024-03-06
764,281,681.46,2024-09-13
765,443,915.13,2024-03-29
766,217,912.28,31/03/2024
767,333,932.82,2024-07-18
768,71,909.48,29/10/2024
769,112,496.21,2024-03-25
770,275,NULL,2024-10-24
771,148,NULL,29/03/2024
772,206,420.12,04/02/2024
773,140,709.87,16/10/2024
774,218,659.02,2024-06-02
775,240,247.56,2024-03-15
776,336,692.43,07/12/2024
777,43,866.73,04/07/2024
778,148,858.35,20/06/2024
779,73,142.22,2024-03-15
780,431,881.82,25/10/2024
781,116,822.49,2024-05-10
782,453,586.48,2024-10-20
783,249,885.65,02/03/2024
784,183,503.92,2024-02-07
785,485,762.03,26/07/2024
786,177,230.96,2024-01-08
787,148,182.26,2024-08-13
788,107,402.11,15/07/2024
789,332,508.14,02/07/2024
790,160,489.37,24/03/2024
791,375,35.86,2024-10-01
792,431,NULL,2024-03-01
793,423,88.58,22/11/2024
794,396,1007.46,30/10/2024
795,333,172.69,06/02/2024
796,275,593.76,2024-02-22
797,493,515.65,27/09/2024
798,275,986.53,10/08/2024
799,61,521.29,19/08/2024
800,236,864.86,2024-12-30
801,129,679.87,31/05/2024
802,308,339.70,21/09/2024
803,101,534.74,01/03/2024
804,190,891.33,30/04/2024
805,32,461.91,06/01/2024
806,129,418.07,10/06/2024
807,108,100.75,13/10/2024
808,148,706.99,03/08/2024
809,270,13.40,21/03/2024
810,181,657.07,2024-01-17
811,416,NULL,2024-12-05
812,434,100.84,2024-12-04
813,62,782.55,27/07/2024
814,365,440.69,18/08/2024
815,1,551.52,15/04/2024
816,146,100.99,2024-02-09
817,256,630.11,08/03/2024
818,349,562.33,2024-03-23
819,100,10.40,18/03/2024
820,468,NULL,27/09/2024
821,303,173.86,02/09/2024
822,32,316.84,2024-04-05
823,198,783.32,21/02/2024
824,414,90.03,29/01/2024
825,303,134.01,27/11/2024
826,389,481.40,2024-12-15
827,81,195.66,30/01/2024
828,12,303.86,2024-05-16
829,158,340.81,12/06/2024
830,188,546.24,23/10/2024
831,404,579.54,23/07/2024
832,323,777.28,09/10/2024
833,113,348.45,28/05/2024
834,88,779.30,2024-01-15
835,298,480.80,2024-08-04
836,282,NULL,12/05/2024
837,166,830.75,15/08/2024
838,431,618.33,2024-10-22
839,432,848.00,2024-02-29
840,107,241.33,22/06/2024
841,39,580.34,2024-02-20
842,389,43.69,2024-08-24
843,496,NULL,11/06/2024
844,468,878.48,03/02/2024
845,224,432.28,03/01/2024
846,135,835.71,06/04/2024
847,438,316.96,2024-12-12
848,213,132.09,2024-06-27
849,65,505.91,2024-04-08
850,247,809.09,30/09/2024
851,327,NULL,01/09/2024
852,457,41.03,14/05/2024
853,186,617.99,2024-03-20
854,330,257.61,09/10/2024
855,480,490.37,2024-07-01
856,271,383.19,23/03/2024
857,162,742.24,2024-12-29
858,235,379.51,2024-10-17
859,319,99.86,19/12/2024
860,347,763.63,28/01/2024
861,89,781.05,2024-01-19
862,317,NULL,06/10/2024
863,175,183.80,2024-03-02
864,117,600.99,2024-02-16
865,350,487.26,07/10/2024
866,361,351.65,2024-01-01
867,296,976.06,2024-01-16
868,127,932.08,27/03/2024
869,293,328.41,2024-10-11
870,30,602.24,21/09/2024
871,161,193.85,2024-08-10
872,78,275.62,23/08/2024
873,382,120.54,2024-03-24
874,203,512.25,21/11/2024
875,8,972.70,2024-02-28
876,485,948.16,2024-02-05
877,371,862.37,08/07/2024
878,274,284.14,2024-04-11
879,464,237.21,2024-12-22
880,346,534.43,02/10/2024
881,288,329.54,2024-11-25
882,101,893.74,2024-12-21
883,148,875.25,2024-10-15
884,463,498.82,2024-12-15
885,367,763.82,23/09/2024
886,229,107.45,26/09/2024
887,38,569.80,18/12/2024
888,421,36.10,02/12/2024
889,7,473.55,05/09/2024
890,83,403.37,2024-12-28
891,34,583.83,2024-04-16
892,28,814.58,2024-10-18
893,235,326.99,2024-10-21
894,390,49.84,2024-09-28
895,203,748.18,19/05/2024
896,474,141.63,2024-12-21
897,123,789.67,2024-08-12
898,52,41.73,05/09/2024
899,467,355.08,2024-02-25
900,127,290.70,2024-01-19
901,158,182.89,2024-06-14
902,241,NULL,2024-11-09
903,447,759.33,14/03/2024
904,372,301.32,08/11/2024
905,420,620.38,21/01/2024
906,372,535.68,2024-04-19
907,285,60.21,28/10/2024
908,471,331.81,2024-08-23
909,231,471.88,16/08/2024
910,261,78.90,16/08/2024
911,313,403.87,06/11/2024
912,318,228.59,06/06/2024
913,255,720.70,2024-12-02
914,92,169.07,20/05/2024
915,403,938.10,24/05/2024
916,438,306.49,2024-10-04
917,5,808.20,2024-02-01
918,173,302.85,15/06/2024
919,42,NULL,2024-10-18
920,17,741.92,09/08/2024
921,478,907.91,2024-06-19
922,217,568.39,13/09/2024
923,45,437.65,25/04/2024
924,110,105.32,31/10/2024
925,50,691.84,21/01/2024
926,9,566.72,01/06/2024
927,17,479.36,2024-08-14
928,144,27.54,27/09/2024
929,317,822.04,21/09/2024
930,463,505.95,04/02/2024
931,60,217.14,12/11/2024
932,24,28.36,02/12/2024
933,14,751.02,2024-11-03
934,186,558.64,2024-01-29
935,76,192.61,07/02/2024
936,264,39.98,30/10/2024
937,303,861.52,2024-09-22
938,332,710.03,30/04/2024
939,195,637.65,02/06/2024
940,159,689.59,22/01/2024
941,18,886.41,05/05/2024
942,267,569.72,2024-11-04
943,257,NULL,2024-01-01
944,74,213.34,2024-07-18
945,121,91.85,2024-05-23
946,392,327.56,27/12/2024
947,395,520.58,2024-08-03
948,41,944.48,2024-01-07
949,400,295.54,2024-03-29
950,176,NULL,08/05/2024
951,250,711.95,03/11/2024
952,324,609.40,2024-07-22
953,90,557.20,15/10/2024
954,349,476.27,2024-08-01
955,468,788.06,17/05/2024
956,227,346.10,21/04/2024
957,370,682.70,18/02/2024
958,286,575.81,13/08/2024
959,350,116.26,2024-09-24
960,415,257.53,31/03/2024
961,23,292.97,2024-12-18
962,471,239.00,2024-11-14
963,117,20.41,07/02/2024
964,120,712.01,2024-03-08
965,176,943.76,02/08/2024
966,353,713.20,05/01/2024
967,193,325.18,2024-07-06
968,449,28.38,10/04/2024
969,288,537.94,09/11/2024
970,412,257.42,2024-04-16
971,319,660.93,18/08/2024
972,102,1004.16,2024-01-25
973,256,221.74,04/06/2024
974,49,741.47,10/01/2024
975,497,468.92,2024-10-14
976,23,174.17,16/09/2024
977,416,NULL,2024-02-10
978,322,472.65,2024-01-03
979,1,921.82,2024-04-24
980,369,521.88,04/02/2024
981,247,460.77,2024-02-13
982,257,511.71,2024-11-29
983,460,501.19,2024-01-26
984,310,593.41,06/07/2024
985,407,186.86,15/01/2024
986,130,115.00,2024-08-28
987,155,912.07,2024-05-13
988,194,44.53,2024-03-02
989,438,741.63,11/01/2024
990,5,771.82,2024-05-24
991,88,907.52,23/06/2024
992,43,730.68,2024-12-02
993,381,NULL,2024-06-03
994,197,311.76,12/03/2024
995,359,852.50,21/07/2024
996,61,361.69,2024-08-04
997,89,24.67,2024-09-04
998,76,186.60,2024-12-28
999,428,927.14,2024-09-21
1000,267,882.94,2024-10-14
1001,149,735.52,08/02/2024
1002,378,32.01,2024-08-18
1003,469,166.00,11/07/2024
1004,220,766.98,2024-06-05
1005,161,649.09,02/04/2024
1006,285,725.95,22/06/2024
1007,202,737.10,2024-03-11
1008,168,507.64,08/06/2024
1009,317,345.63,07/09/2024
1010,11,NULL,21/07/2024
1011,187,880.68,2024-03-09
1012,332,778.78,2024-08-19
1013,202,388.27,2024-07-21
1014,79,149.79,30/03/2024
1015,113,282.92,29/02/2024
1016,115,599.05,2024-02-16
1017,352,539.98,30/09/2024
1018,474,588.39,19/06/2024
1019,9,351.26,2024-05-03
1020,339,819.96,2024-04-18
1021,323,769.06,2024-08-11
1022,364,806.84,2024-08-08
1023,113,899.95,2024-11-17
1024,438,60.32,27/01/2024
1025,116,980.30,12/05/2024
1026,329,979.12,04/07/2024
1027,349,685.43,2024-07-26
1028,143,768.42,2024-11-01
1029,162,546.43,13/04/2024
1030,141,952.76,18/05/2024
1031,385,231.66,2024-04-19
1032,258,868.20,31/08/2024
1033,296,991.86,04/05/2024
1034,269,707.34,2024-05-29
1035,277,998.86,25/10/2024
1036,9,117.12,2024-11-18
1037,250,714.01,20/11/2024
1038,221,401.40,17/06/2024
1039,163,256.33,29/09/2024
1040,124,230.04,14/12/2024
1041,206,707.45,2024-07-21
1042,491,279.12,2024-04-14
1043,291,NULL,14/03/2024
1044,308,512.27,02/01/2024
1045,360,756.00,2024-09-12
1046,269,311.85,2024-11-27
1047,127,963.59,31/10/2024
1048,381,198.09,24/09/2024
1049,244,727.25,2024-03-30
1050,294,249.18,2024-04-05
1051,260,513.81,24/11/2024
1052,125,1002.09,10/08/2024
1053,47,915.75,2024-05-17
1054,13,914.57,2024-12-17
1055,105,157.18,01/12/2024
1056,388,289.31,30/04/2024
1057,277,224.78,2024-02-05
1058,123,936.79,2024-05-25
1059,246,828.83,18/02/2024
1060,354,569.80,12/04/2024
1061,113,740.74,2024-11-12
1062,451,826.49,26/05/2024
1063,450,755.69,2024-01-29
1064,402,503.90,26/02/2024
1065,196,304.37,2024-01-26
1066,187,186.09,2024-12-26
1067,115,215.57,07/11/2024
1068,392,433.79,04/01/2024
1069,439,151.67,2024-10-21
1070,48,984.38,2024-08-30
1071,86,790.64,18/04/2024
1072,254,680.09,04/03/2024
1073,280,695.03,2024-12-26
1074,55,600.16,26/03/2024
1075,285,28.14,2024-03-19
1076,60,365.24,2024-09-07
1077,293,578.35,12/07/2024
1078,454,1004.68,28/09/2024
1079,141,56.84,2024-05-08
1080,334,396.26,02/05/2024
1081,191,363.59,14/04/2024
1082,114,688.85,2024-11-09
1083,279,398.09,08/05/2024
1084,427,478.07,2024-03-21
1085,464,112.17,2024-08-03
1086,110,964.49,2024-02-28
1087,192,49.88,2024-04-22
1088,444,896.29,2024-11-07
1089,282,591.59,23/12/2024
1090,231,484.66,10/11/2024
1091,267,809.93,2024-05-29
1092,380,560.78,21/08/2024
1093,15,25.54,14/01/2024
1094,470,91.83,2024-02-09
1095,263,938.03,2024-11-29
1096,174,965.49,2024-01-09
1097,391,845.10,2024-11-02
1098,95,592.34,2024-05-10
1099,464,31.18,23/01/2024
1100,15,743.08,2024-08-30
1101,3,NULL,14/08/2024
1102,335,446.18,2024-04-05
1103,82,NULL,2024-04-03
1104,134,34.16,24/01/2024
1105,21,NULL,2024-07-25
1106,40,239.05,23/08/2024
1107,16,988.72,27/04/2024
1108,427,958.55,2024-05-05
1109,101,291.80,17/07/2024
1110,144,162.10,21/04/2024
1111,238,878.02,2024-03-17
1112,80,384.94,06/09/2024
1113,168,115.49,2024-12-27
1114,486,502.35,2024-08-13
1115,315,594.34,09/06/2024
1116,43,268.13,2024-02-22
1117,385,761.62,2024-05-12
1118,122,929.84,13/04/2024
1119,395,129.96,05/03/2024
1120,479,423.85,02/04/2024
1121,184,292.99,27/01/2024
1122,408,848.21,2024-08-01
1123,31,604.49,27/09/2024
1124,394,202.20,2024-07-29
1125,198,40.35,08/01/2024
1126,418,65.94,2024-07-20
1127,465,146.64,2024-03-30
1128,14,954.69,2024-09-13
1129,495,222.71,2024-02-23
1130,32,197.49,28/12/2024
1131,18,862.81,2024-11-22
1132,199,339.30,2024-09-06
1133,108,NULL,09/05/2024
1134,158,600.12,19/05/2024
1135,311,928.12,2024-11-09
1136,62,NULL,2024-01-16
1137,359,133.14,20/11/2024
1138,345,843.08,2024-08-15
1139,324,874.81,11/08/2024
1140,167,163.26,30/11/2024
1141,379,NULL,2024-06-03
1142,199,405.35,2024-12-07
1143,105,554.80,21/06/2024
1144,151,517.80,11/12/2024
1145,429,626.78,2024-01-06
1146,377,363.89,2024-12-11
1147,462,121.98,28/10/2024
1148,218,178.56,2024-04-15
1149,86,420.96,09/04/2024
1150,30,218.63,2024-06-07
1151,168,871.94,11/05/2024
1152,115,667.71,06/06/2024
1153,458,677.92,13/06/2024
1154,389,365.87,05/10/2024
1155,161,614.41,04/08/2024
1156,363,39.26,2024-01-14
1157,156,299.51,12/09/2024
1158,78,929.27,2024-01-27
1159,334,583.26,2024-11-21
1160,445,185.34,2024-05-03
1161,487,331.59,10/05/2024
1162,298,742.10,2024-07-20
1163,454,706.19,2024-01-23
1164,407,985.39,20/03/2024
1165,200,543.18,2024-07-14
1166,397,432.34,20/11/2024
1167,176,403.21,2024-04-22
1168,228,359.78,2024-07-22
1169,313,386.53,2024-07-13
1170,31,396.46,2024-10-13
1171,280,539.03,07/01/2024
1172,61,424.74,15/10/2024
1173,365,194.17,09/12/2024
1174,205,881.79,2024-11-20
1175,170,NULL,12/08/2024
1176,324,30.53,2024-07-24
1177,22,495.50,2024-11-02
1178,313,139.66,2024-11-03
1179,340,282.80,2024-01-29
1180,24,NULL,2024-05-10
1181,86,387.51,2024-08-21
1182,269,223.70,2024-03-23
1183,407,487.34,03/10/2024
1184,34,162.32,2024-04-13
1185,385,681.94,06/11/2024
1186,65,112.87,14/10/2024
1187,143,463.39,16/01/2024
1188,487,757.85,2024-06-16
1189,337,922.02,2024-04-10
1190,288,NULL,2024-05-18
1191,195,874.52,2024-12-02
1192,453,66.46,06/12/2024
1193,300,212.39,14/06/2024
1194,14,809.76,2024-12-14
1195,382,471.81,26/11/2024
1196,78,832.66,2024-03-26
1197,176,221.13,2024-11-05
1198,279,516.87,2024-08-14
1199,311,345.43,2024-10-14
1200,33,600.13,19/08/2024
1201,465,946.59,04/06/2024
1202,398,81.79,18/03/2024
1203,102,310.97,19/11/2024
1204,177,500.43,21/02/2024
1205,168,261.24,2024-10-06
1206,157,418.58,12/12/2024
1207,20,620.68,04/04/2024
1208,122,479.90,24/09/2024
1209,289,713.22,03/03/2024
1210,242,81.11,2024-01-02
1211,48,19.42,2024-04-28
1212,307,624.26,2024-02-25
1213,183,760.42,2024-12-19
1214,458,607.00,2024-02-07
1215,291,226.92,23/11/2024
1216,281,890.97,06/09/2024
1217,114,736.09,01/10/2024
1218,300,919.41,19/11/2024
1219,233,951.35,2024-09-10
1220,181,518.39,01/06/2024
1221,464,136.28,19/01/2024
1222,398,732.74,31/07/2024
1223,230,371.07,24/09/2024
1224,90,955.64,2024-05-07
1225,417,95.37,16/02/2024
1226,206,137.70,2024-09-20
1227,374,626.82,27/12/2024
1228,424,786.15,15/02/2024
1229,178,947.94,14/08/2024
1230,322,860.26,11/05/2024
1231,128,222.45,26/09/2024
1232,133,756.78,22/10/2024
1233,410,885.25,03/04/2024
1234,77,529.41,2024-06-28
1235,315,456.43,29/10/2024
1236,221,283.60,25/03/2024
1237,263,82.67,2024-08-28
1238,287,718.24,2024-04-19
1239,420,1005.68,11/05/2024
1240,294,542.46,30/10/2024
1241,453,NULL,27/01/2024
1242,32,306.29,25/01/2024
1243,382,800.26,21/02/2024
1244,199,642.73,10/06/2024
1245,407,258.51,24/05/2024
1246,449,806.45,21/01/2024
1247,5,392.27,05/03/2024
1248,45,322.31,2024-02-17
1249,108,771.59,2024-07-14
1250,194,469.60,03/04/2024
1251,153,847.86,2024-03-06
1252,43,164.91,08/03/2024
1253,265,908.04,17/04/2024
1254,441,969.91,22/04/2024
1255,416,657.95,2024-10-31
1256,250,481.85,23/06/2024
1257,131,543.35,15/10/2024
1258,362,46.70,09/03/2024
1259,281,542.40,2024-01-23
1260,257,379.09,2024-05-22
1261,430,39.34,2024-10-27
1262,386,601.64,2024-04-23
1263,50,544.39,2024-04-04
1264,190,473.96,2024-05-24
1265,56,496.85,02/04/2024
1266,117,368.01,2024-09-11
1267,415,NULL,2024-08-26
1268,495,939.69,2024-10-08
1269,360,274.03,16/07/2024
1270,151,534.37,2024-04-02
1271,184,302.10,30/03/2024
1272,275,NULL,30/01/2024
1273,63,575.59,2024-08-12
1274,43,672.28,2024-10-24
1275,197,441.15,2024-08-25
1276,246,24.17,2024-11-08
1277,273,146.55,08/09/2024
1278,394,969.74,28/02/2024
1279,88,449.31,11/10/2024
1280,420,781.51,08/02/2024
1281,337,NULL,17/12/2024
1282,76,870.88,2024-01-03
1283,439,222.36,2024-02-20
1284,412,42.63,20/03/2024
1285,450,530.14,14/10/2024
1286,367,294.15,2024-10-22
1287,225,731.82,06/09/2024
1288,452,646.49,2024-12-17
1289,248,431.42,22/07/2024
1290,348,930.41,26/03/2024
1291,290,213.08,25/08/2024
1292,446,891.58,2024-09-20
1293,497,998.39,2024-11-06
1294,282,656.82,19/03/2024
1295,389,895.73,2024-10-31
1296,42,281.63,2024-06-03
1297,86,427.00,20/05/2024
1298,475,78.76,2024-10-09
1299,39,102.42,25/01/2024
1300,264,617.16,2024-10-14
1301,385,111.44,05/01/2024
1302,439,101.14,02/11/2024
1303,463,795.65,2024-08-05
1304,106,692.62,2024-01-28
1305,252,961.48,2024-07-17
1306,39,559.47,29/09/2024
1307,147,263.05,2024-03-04
1308,53,NULL,2024-08-11
1309,438,97.66,2024-10-13
1310,249,155.05,15/04/2024
1311,204,655.71,2024-08-06
1312,436,188.95,24/07/2024
1313,80,59.44,2024-07-02
1314,364,453.73,2024-11-19
1315,450,502.80,2024-04-08
1316,253,69.53,30/07/2024
1317,222,67.99,2024-02-10
1318,495,82.29,2024-06-22
1319,379,550.49,2024-06-15
1320,216,664.32,2024-07-20
1321,24,791.24,31/05/2024
1322,308,337.50,06/09/2024
1323,12,232.85,2024-01-13
1324,174,125.04,2024-01-26
1325,150,536.51,2024-04-25
1326,123,662.15,07/03/2024
1327,312,993.17,28/01/2024
1328,383,708.76,2024-05-21
1329,422,767.98,2024-10-22
1330,100,235.19,27/06/2024
1331,76,979.33,2024-01-22
1332,158,46.51,2024-11-10
1333,165,321.40,13/12/2024
1334,312,451.41,12/10/2024
1335,322,419.25,30/12/2024
1336,326,387.99,25/04/2024
1337,156,91.37,2024-10-02
1338,489,186.19,19/07/2024
1339,349,120.08,24/10/2024
1340,496,565.36,20/08/2024
1341,204,413.52,2024-12-29
1342,27,248.92,23/01/2024
1343,120,NULL,14/09/2024
1344,241,1000.33,27/06/2024
1345,87,467.64,20/02/2024
1346,192,380.71,03/08/2024
1347,465,606.98,22/12/2024
1348,412,471.60,2024-05-11
1349,278,801.47,2024-01-18
1350,296,266.37,2024-07-22
1351,95,827.57,28/10/2024
1352,183,625.83,03/06/2024
1353,479,695.42,2024-05-31
1354,195,356.76,2024-02-01
1355,278,920.25,20/04/2024
1356,248,366.91,26/04/2024
1357,184,261.50,2024-06-25
1358,239,244.72,01/03/2024
1359,355,NULL,05/05/2024
1360,220,495.79,2024-04-10
1361,272,797.10,27/01/2024
1362,251,930.14,2024-12-24
1363,334,947.52,2024-10-22
1364,237,264.71,02/08/2024
1365,267,886.35,2024-11-10
1366,106,725.17,10/09/2024
1367,486,937.75,21/11/2024
1368,229,660.57,03/04/2024
1369,477,NULL,22/09/2024
1370,98,384.03,10/05/2024
1371,153,352.85,05/10/2024
1372,370,825.58,2024-11-04
1373,327,680.73,14/11/2024
1374,415,152.94,05/04/2024
1375,450,855.49,19/12/2024
1376,271,368.75,13/12/2024
1377,273,720.16,2024-08-01
1378,48,320.05,15/01/2024
1379,8,761.06,2024-02-17
1380,10,489.11,04/12/2024
1381,412,187.81,2024-12-20
1382,78,858.12,2024-09-17
1383,307,782.74,03/03/2024
1384,279,710.67,2024-04-20
1385,233,721.58,01/05/2024
1386,394,324.07,2024-11-18
1387,59,354.62,2024-06-28
1388,372,998.85,03/02/2024
1389,414,827.96,2024-02-03
1390,468,207.89,2024-05-02
1391,163,127.80,2024-04-21
1392,165,676.78,15/09/2024
1393,57,882.19,21/07/2024
1394,336,467.40,22/08/2024
1395,304,730.21,18/03/2024
1396,122,165.45,04/10/2024
1397,334,284.34,15/03/2024
1398,204,892.67,09/02/2024
1399,44,284.46,09/06/2024
1400,22,348.15,15/01/2024
1401,84,86.13,10/12/2024
1402,6,125.20,2024-01-31
1403,379,425.33,28/01/2024
1404,495,628.76,2024-11-06
1405,217,748.85,2024-02-23
1406,61,449.54,2024-04-06
1407,85,789.89,2024-04-15
1408,134,540.00,02/09/2024
1409,303,NULL,24/02/2024
1410,20,614.26,2024-02-19
1411,153,689.78,05/03/2024
1412,375,854.14,2024-04-18
1413,396,927.27,25/04/2024
1414,174,863.21,2024-02-04
1415,342,600.21,2024-01-26
1416,325,NULL,12/01/2024
1417,236,931.68,2024-04-06
1418,452,932.39,22/05/2024
1419,328,574.37,2024-10-28
1420,312,315.15,2024-03-09
1421,41,964.29,26/05/2024
1422,124,NULL,05/01/2024
1423,398,306.19,2024-06-23
1424,184,932.59,22/03/2024
1425,459,849.51,11/09/2024
1426,82,105.15,06/05/2024
1427,376,349.75,2024-09-09
1428,419,22.08,2024-09-12
1429,132,269.04,2024-07-23
1430,399,164.63,2024-10-02
1431,125,135.27,2024-02-22
1432,304,208.48,22/04/2024
1433,499,325.48,09/01/2024
1434,465,111.84,2024-07-29
1435,278,NULL,2024-08-10
1436,204,810.36,18/07/2024
1437,285,299.45,2024-05-20
1438,188,468.93,07/05/2024
1439,155,589.54,22/03/2024
1440,470,NULL,17/06/2024
1441,191,496.73,2024-10-24
1442,254,941.49,20/02/2024
1443,268,677.09,2024-11-12
1444,310,611.63,2024-11-08
1445,345,311.61,2024-07-11
1446,491,684.40,22/12/2024
1447,344,462.03,2024-05-27
1448,385,868.97,22/05/2024
1449,387,148.81,2024-09-06
1450,279,23.98,2024-03-31
1451,332,896.23,2024-11-12
1452,109,800.04,19/01/2024
1453,403,962.48,04/11/2024
1454,400,943.71,16/07/2024
1455,453,781.41,06/07/2024
1456,38,950.36,09/03/2024
1457,169,588.08,2024-12-14
1458,79,164.70,2024-07-09
1459,308,726.40,28/01/2024
1460,119,106.15,2024-09-11
1461,345,746.57,2024-10-13
1462,65,81.92,13/03/2024
1463,275,101.49,16/10/2024
1464,464,485.32,2024-09-10
1465,303,878.17,2024-01-20
1466,338,52.35,2024-09-22
1467,465,511.24,02/03/2024
1468,218,50.01,07/11/2024
1469,342,219.07,31/10/2024
1470,345,662.88,17/03/2024
1471,371,199.55,2024-12-04
1472,270,940.19,2024-10-30
1473,192,982.22,2024-01-07
1474,165,993.65,20/09/2024
1475,102,643.25,2024-03-18
1476,95,20.07,24/06/2024
1477,50,984.27,2024-08-11
1478,473,608.39,10/11/2024
1479,155,886.99,2024-11-20
1480,466,162.24,2024-07-06
1481,95,453.10,19/09/2024
1482,281,583.23,2024-11-03
1483,239,848.16,2024-08-20
1484,150,1003.74,12/03/2024
1485,138,100.60,02/04/2024
1486,477,NULL,01/10/2024
1487,154,468.63,14/12/2024
1488,191,NULL,01/02/2024
1489,156,580.43,2024-01-13
1490,161,575.21,05/11/2024
1491,154,84.61,23/08/2024
1492,55,706.45,2024-04-03
1493,136,139.49,2024-01-08
1494,229,769.20,21/04/2024
1495,90,364.99,2024-02-18
1496,71,130.67,2024-01-10
1497,49,742.49,19/01/2024
1498,452,111.70,22/10/2024
1499,391,24.26,2024-04-01
1500,138,324.23,2024-06-26
1501,190,35.46,2024-01-27
1502,439,203.29,11/10/2024
1503,242,930.40,22/02/2024
1504,291,624.79,2024-06-12
1505,134,165.05,2024-07-15
1506,145,309.48,2024-01-30
1507,212,66.95,2024-04-12
1508,170,232.67,2024-03-07
1509,99,610.21,2024-08-20
1510,63,204.28,2024-07-24
1511,163,727.62,2024-09-15
1512,112,292.97,15/05/2024
1513,264,13.33,29/04/2024
1514,115,151.98,21/08/2024
1515,278,628.46,2024-10-04
1516,117,731.59,2024-08-11
1517,97,71.22,2024-06-05
1518,192,969.64,2024-10-16
1519,79,596.92,2024-09-24
1520,285,518.48,2024-07-18
1521,446,395.22,21/04/2024
1522,29,649.54,22/08/2024
1523,440,715.96,29/06/2024
1524,53,NULL,2024-04-24
1525,457,367.39,2024-07-29
1526,46,374.96,2024-02-11
1527,323,478.42,2024-02-06
1528,199,239.73,16/10/2024
1529,340,NULL,26/01/2024
1530,143,251.47,2024-01-07
1531,221,466.88,2024-09-14
1532,42,237.99,03/08/2024
1533,94,275.41,2024-05-10
1534,146,80.88,19/09/2024
1535,20,NULL,11/03/2024
1536,392,355.09,2024-07-04
1537,206,453.98,2024-09-23
1538,409,20.78,06/11/2024
1539,64,21.33,2024-01-29
1540,461,108.66,01/08/2024
1541,399,781.86,26/06/2024
1542,473,522.21,2024-03-24
1543,440,951.67,2024-12-21
1544,94,NULL,2024-06-25
1545,456,767.84,15/03/2024
1546,268,732.32,24/11/2024
1547,132,280.31,2024-10-08
1548,154,192.75,16/09/2024
1549,399,877.48,2024-04-24
1550,110,139.85,26/06/2024
1551,456,735.99,05/08/2024
1552,460,286.44,2024-12-22
1553,500,340.34,14/04/2024
1554,32,94.33,16/01/2024
1555,17,NULL,07/06/2024
1556,416,785.62,04/04/2024
1557,171,648.79,23/01/2024
1558,61,746.41,25/11/2024
1559,126,984.69,03/04/2024
1560,286,736.53,30/08/2024
1561,108,791.36,2024-11-25
1562,285,974.16,13/03/2024
1563,370,276.43,31/05/2024
1564,476,705.99,2024-08-28
1565,221,856.22,2024-02-08
1566,469,54.40,29/05/2024
1567,365,867.37,25/09/2024
1568,247,836.62,05/04/2024
1569,134,935.49,2024-03-09
1570,479,245.27,2024-11-11
1571,389,134.79,2024-05-20
1572,334,902.27,2024-12-15
1573,3,779.59,26/07/2024
1574,361,327.37,2024-07-16
1575,6,124.75,31/01/2024
1576,282,149.71,31/07/2024
1577,453,196.84,2024-05-29
1578,132,649.64,2024-10-16
1579,68,77.66,29/01/2024
1580,13,369.88,13/08/2024
1581,333,387.61,10/03/2024
1582,282,539.05,2024-12-22
1583,74,605.02,2024-12-21
1584,107,99.13,09/10/2024
1585,420,881.30,2024-01-01
1586,422,518.82,2024-01-30
1587,318,786.50,14/01/2024
1588,483,703.25,23/06/2024
1589,228,867.96,2024-03-13
1590,364,NULL,16/01/2024
1591,56,824.62,2024-06-20
1592,1,999.21,11/10/2024
1593,223,135.03,2024-05-12
1594,489,54.09,2024-01-15
1595,347,659.55,09/02/2024
1596,455,380.09,06/11/2024
1597,337,51.15,2024-09-24
1598,177,779.92,12/06/2024
1599,395,645.56,19/12/2024
1600,362,372.34,2024-05-17
1601,402,14.96,15/11/2024
1602,124,284.77,2024-01-02
1603,163,89.54,2024-08-02
1604,123,567.52,23/05/2024
1605,362,23.86,2024-10-04
1606,259,982.57,2024-10-29
1607,151,NULL,16/10/2024
1608,231,282.65,2024-01-10
1609,210,NULL,2024-02-01
1610,477,672.84,2024-01-07
1611,341,740.60,2024-10-01
1612,497,574.85,2024-10-17
1613,445,625.25,2024-09-06
1614,353,251.09,2024-03-26
1615,401,105.58,2024-08-09
1616,148,400.70,2024-10-08
1617,447,65.89,2024-01-12
1618,318,503.99,04/09/2024
1619,346,60.45,2024-09-25
1620,373,379.07,20/04/2024
1621,334,134.75,15/05/2024
1622,408,337.26,2024-11-20
1623,62,396.55,24/03/2024
1624,457,644.16,2024-11-01
1625,274,457.76,2024-08-03
1626,96,357.54,18/11/2024
1627,434,822.46,17/08/2024
1628,54,932.96,2024-07-26
1629,420,945.66,23/03/2024
1630,255,822.66,09/11/2024
1631,459,NULL,30/06/2024
1632,285,69.99,05/01/2024
1633,176,528.83,12/09/2024
1634,73,710.26,2024-12-29
1635,63,818.45,25/03/2024
1636,381,303.96,22/09/2024
1637,138,146.02,08/02/2024
1638,109,211.89,2024-11-17
1639,159,750.17,2024-03-18
1640,202,701.04,30/06/2024
1641,270,427.14,28/01/2024
1642,489,371.56,2024-01-31
1643,459,941.58,2024-06-10
1644,134,NULL,16/02/2024
1645,477,55.06,12/04/2024
1646,77,163.99,20/07/2024
1647,375,200.64,2024-11-20
1648,185,780.87,30/04/2024
1649,334,718.65,2024-06-18
1650,385,940.08,04/10/2024
1651,434,677.40,19/11/2024
1652,448,412.72,2024-08-06
1653,155,840.39,2024-12-27
1654,133,979.10,2024-01-10
1655,388,653.84,2024-04-04
1656,388,182.73,2024-04-24
1657,432,328.29,09/04/2024
1658,14,520.70,2024-06-15
1659,246,953.62,05/07/2024
1660,78,743.31,2024-07-14
1661,418,338.70,2024-09-25
1662,425,NULL,2024-02-06
1663,286,64.20,2024-11-22
1664,319,612.80,2024-09-19
1665,40,972.62,28/07/2024
1666,296,396.47,11/01/2024
1667,218,132.08,28/05/2024
1668,483,168.55,2024-04-27
1669,364,203.02,2024-02-12
1670,385,181.89,03/05/2024
1671,289,648.33,2024-12-05
1672,471,780.64,02/03/2024
1673,275,589.00,21/01/2024
1674,400,771.31,09/04/2024
1675,212,249.60,28/09/2024
1676,423,420.99,17/03/2024
1677,390,997.30,03/10/2024
1678,176,403.12,20/04/2024
1679,11,955.40,07/10/2024
1680,238,952.94,21/08/2024
1681,357,108.15,2024-06-13
1682,305,654.44,02/10/2024
1683,183,703.62,2024-11-22
1684,44,505.42,18/08/2024
1685,243,210.52,11/06/2024
1686,2,385.87,2024-02-10
1687,9,688.72,30/09/2024
1688,137,780.36,07/03/2024
1689,207,368.05,01/02/2024
1690,370,942.64,29/01/2024
1691,132,644.69,2024-09-07
1692,337,552.45,2024-03-29
1693,444,894.44,27/10/2024
1694,116,747.28,2024-12-04
1695,375,577.60,2024-01-19
1696,201,60.07,2024-05-07
1697,322,935.96,20/10/2024
1698,334,640.46,21/12/2024
1699,376,925.66,20/08/2024
1700,476,407.44,24/12/2024
1701,307,725.42,31/01/2024
1702,339,672.33,2024-06-26
1703,373,98.92,2024-12-27
1704,2,NULL,24/11/2024
1705,442,922.15,21/05/2024
1706,334,858.35,2024-02-12
1707,191,670.69,2024-02-13
1708,368,386.34,2024-07-15
1709,447,562.36,18/06/2024
1710,324,288.37,2024-06-18
1711,372,378.90,2024-04-29
1712,486,491.76,2024-05-29
1713,366,961.37,30/06/2024
1714,38,218.15,09/04/2024
1715,112,843.85,30/10/2024
1716,178,353.19,2024-04-29
1717,11,584.52,19/09/2024
1718,64,29.68,2024-03-24
1719,89,437.46,2024-07-14
1720,495,737.26,2024-11-28
1721,353,837.39,2024-05-16
1722,280,679.94,13/09/2024
1723,242,114.57,2024-08-19
1724,205,462.07,2024-11-29
1725,3,401.96,29/05/2024
1726,352,298.30,2024-02-27
1727,485,998.90,2024-01-23
1728,443,582.29,26/11/2024
1729,78,840.89,2024-05-21
1730,8,503.58,2024-03-30
1731,496,134.73,2024-06-13
1732,177,50.48,2024-08-01
1733,50,413.28,2024-10-09
1734,242,11.60,2024-09-06
1735,106,369.66,2024-12-08
1736,141,121.16,2024-07-31
1737,280,NULL,2024-08-27
1738,301,NULL,09/11/2024
1739,52,424.87,11/12/2024
1740,10,219.53,23/10/2024
1741,101,249.68,26/09/2024
1742,107,620.23,2024-09-06
1743,458,857.58,2024-11-14
1744,159,897.96,2024-01-05
1745,227,782.94,13/08/2024
1746,264,328.99,27/04/2024
1747,421,699.94,2024-07-13
1748,254,158.23,2024-04-02
1749,223,999.25,2024-10-17
1750,161,127.32,2024-05-05
1751,451,665.64,2024-05-09
1752,88,564.93,18/12/2024
1753,425,209.34,2024-02-22
1754,441,192.38,17/07/2024
1755,336,576.07,2024-09-21
1756,284,639.64,07/11/2024
1757,408,176.87,29/10/2024
1758,172,140.38,2024-05-21
1759,37,775.84,25/11/2024
1760,398,935.66,2024-06-10
1761,338,259.19,25/08/2024
1762,9,624.82,2024-07-10
1763,300,320.57,06/07/2024
1764,350,696.92,2024-10-03
1765,48,754.33,12/04/2024
1766,50,967.54,2024-04-19
1767,1,513.78,24/07/2024
1768,88,401.20,08/11/2024
1769,34,613.32,2024-11-12
1770,65,NULL,2024-01-25
1771,406,838.40,2024-06-12
1772,238,NULL,2024-09-04
1773,62,511.28,2024-06-03
1774,381,418.36,24/11/2024
1775,115,527.16,07/10/2024
1776,26,591.01,01/08/2024
1777,367,332.97,2024-07-17
1778,9,205.85,2024-07-26
1779,476,414.17,2024-02-10
1780,483,571.78,25/12/2024
1781,459,428.97,15/09/2024
1782,479,474.29,14/03/2024
1783,24,31.04,23/12/2024
1784,134,222.68,2024-08-18
1785,297,596.57,2024-10-21
1786,446,NULL,2024-06-15
1787,368,361.46,2024-01-22
1788,414,333.79,2024-09-13
1789,153,201.23,2024-11-18
1790,174,385.17,2024-01-01
1791,67,918.48,2024-01-22
1792,312,845.80,07/04/2024
1793,138,53.48,05/05/2024
1794,119,50.73,2024-08-23
1795,482,520.10,2024-01-11
1796,203,511.94,2024-11-19
1797,198,422.95,13/04/2024
1798,55,145.59,2024-08-04
1799,80,NULL,2024-02-19
1800,380,635.69,2024-01-24
1801,181,977.66,18/02/2024
1802,325,265.06,2024-01-04
1803,392,79.34,2024-04-11
1804,147,300.72,2024-11-20
1805,393,972.77,21/03/2024
1806,17,448.48,2024-01-12
1807,75,815.55,18/12/2024
1808,298,639.67,2024-08-08
1809,161,31.35,2024-07-06
1810,209,487.29,2024-04-26
1811,173,827.88,2024-06-05
1812,405,396.51,2024-01-23
1813,189,362.74,2024-04-24
1814,275,381.85,13/02/2024
1815,127,779.16,05/05/2024
1816,167,158.65,2024-10-29
1817,291,359.55,29/05/2024
1818,287,479.63,05/10/2024
1819,255,776.60,24/12/2024
1820,372,627.22,2024-01-14
1821,425,125.71,25/07/2024
1822,141,701.59,11/08/2024
1823,27,986.95,2024-01-30
1824,300,956.21,04/08/2024
1825,254,269.43,12/05/2024
1826,368,736.21,2024-03-04
1827,131,132.56,23/12/2024
1828,46,316.28,2024-12-30
1829,22,989.02,16/03/2024
1830,177,639.27,2024-10-14
1831,366,284.44,19/08/2024
1832,351,892.26,2024-06-16
1833,217,649.66,2024-04-02
1834,385,113.60,17/01/2024
1835,206,390.82,12/07/2024
1836,125,542.21,2024-11-11
1837,124,474.97,10/08/2024
1838,425,519.49,17/01/2024
1839,141,513.12,2024-01-12
1840,18,310.79,24/05/2024
1841,99,419.42,2024-01-02
1842,43,807.58,2024-05-21
1843,336,952.24,11/11/2024
1844,454,997.12,04/08/2024
1845,317,45.33,20/12/2024
1846,405,251.86,2024-04-23
1847,64,164.59,2024-10-15
1848,3,253.05,26/07/2024
1849,34,938.58,2024-01-16
1850,461,605.36,2024-01-11
1851,226,514.73,12/07/2024
1852,313,814.29,25/08/2024
1853,11,684.95,2024-08-21
1854,198,124.06,10/08/2024
1855,441,230.29,04/04/2024
1856,71,228.68,20/11/2024
1857,258,24.27,18/08/2024
1858,78,925.40,2024-01-02
1859,87,751.13,09/07/2024
1860,81,742.56,2024-06-17
1861,259,434.17,2024-05-30
1862,223,647.80,08/02/2024
1863,461,688.12,2024-08-02
1864,184,255.62,14/05/2024
1865,387,514.67,17/08/2024
1866,231,712.15,10/03/2024
1867,89,44.57,23/01/2024
1868,302,379.02,31/07/2024
1869,446,915.19,04/03/2024
1870,366,496.11,28/08/2024
1871,113,67.10,2024-01-24
1872,388,113.44,27/12/2024
1873,286,707.39,2024-02-12
1874,29,520.11,2024-03-05
1875,333,955.76,27/12/2024
1876,430,45.47,09/12/2024
1877,37,510.17,2024-11-05
1878,315,138.51,2024-10-11
1879,198,21.74,31/08/2024
1880,457,94.20,2024-05-19
1881,366,357.79,11/01/2024
1882,249,534.68,28/06/2024
1883,109,404.98,22/07/2024
1884,170,NULL,08/06/2024
1885,439,746.43,08/02/2024
1886,71,528.08,27/07/2024
1887,291,221.39,14/10/2024
1888,245,923.48,17/12/2024
1889,398,29.82,2024-03-25
1890,289,268.98,2024-09-19
1891,250,193.97,2024-01-03
1892,148,427.81,2024-04-10
1893,130,581.06,08/07/2024
1894,127,788.73,2024-07-10
1895,153,865.54,03/07/2024
1896,143,694.26,2024-06-08
1897,44,391.22,2024-06-15
1898,361,40.40,31/01/2024
1899,56,217.55,08/12/2024
1900,178,752.41,2024-11-27
1901,28,626.87,20/03/2024
1902,427,486.38,2024-05-17
1903,101,770.23,21/08/2024
1904,323,593.35,14/04/2024
1905,205,716.12,2024-09-25
1906,382,778.51,23/09/2024
1907,317,970.45,2024-07-20
1908,50,921.58,03/06/2024
1909,13,205.21,24/06/2024
1910,83,436.62,2024-08-12
1911,70,843.41,2024-07-31
1912,31,620.98,22/01/2024
1913,81,679.62,07/04/2024
1914,483,NULL,24/01/2024
1915,318,17.12,05/06/2024
1916,434,693.24,03/03/2024
1917,60,60.27,21/11/2024
1918,216,132.63,11/06/2024
1919,372,671.01,12/11/2024
1920,414,207.34,19/04/2024
1921,181,460.85,2024-04-26
1922,497,NULL,28/03/2024
1923,22,354.32,28/02/2024
1924,42,449.62,07/08/2024
1925,428,786.79,26/01/2024
1926,455,953.18,2024-09-28
1927,286,435.09,07/12/2024
1928,474,825.34,19/12/2024
1929,497,344.92,02/06/2024
1930,323,888.88,2024-11-24
1931,488,967.84,04/06/2024
1932,174,253.43,2024-07-04
1933,499,307.55,08/09/2024
1934,47,745.48,17/02/2024
1935,125,536.76,06/10/2024
1936,313,258.98,2024-02-08
1937,110,253.40,2024-08-23
1938,300,517.99,04/04/2024
1939,115,146.06,2024-07-11
1940,435,253.20,2024-10-16
1941,127,671.20,2024-04-15
1942,239,177.39,21/11/2024
1943,309,242.88,2024-11-11
1944,291,825.72,10/04/2024
1945,472,613.10,23/12/2024
1946,410,354.73,06/03/2024
1947,82,941.35,2024-03-21
1948,348,977.92,21/02/2024
1949,239,376.82,2024-09-06
1950,276,869.52,15/05/2024
1951,142,667.33,11/12/2024
1952,294,701.26,07/11/2024
1953,357,NULL,2024-05-20
1954,144,542.26,2024-07-13
1955,96,192.74,2024-10-03
1956,105,210.25,2024-12-06
1957,272,969.90,07/05/2024
1958,306,NULL,09/12/2024
1959,68,840.53,2024-07-27
1960,11,904.49,19/10/2024
1961,59,564.27,22/06/2024
1962,349,197.38,2024-04-15
1963,70,705.93,22/12/2024
1964,424,971.13,2024-08-23
1965,256,559.68,2024-11-05
1966,272,230.43,2024-04-20
1967,366,568.64,2024-01-13
1968,272,439.28,10/04/2024
1969,217,444.15,05/05/2024
1970,164,67.02,20/02/2024
1971,152,615.90,2024-10-12
1972,377,854.21,2024-04-02
1973,200,988.79,30/12/2024
1974,218,575.74,03/11/2024
1975,142,630.68,28/03/2024
1976,469,34.25,10/01/2024
1977,235,960.21,2024-10-28
1978,161,680.50,2024-11-08
1979,181,99.73,2024-06-16
1980,30,434.16,09/07/2024
1981,265,836.23,2024-12-07
1982,15,627.38,18/06/2024
1983,64,864.60,2024-02-02
1984,429,NULL,2024-07-09
1985,35,694.41,18/05/2024
1986,317,NULL,11/03/2024
1987,95,277.50,20/05/2024
1988,107,915.87,2024-04-18
1989,37,173.39,12/06/2024
1990,36,NULL,2024-04-29
1991,5,284.94,23/02/2024
1992,75,83.48,22/01/2024
1993,466,578.26,04/06/2024
1994,426,331.48,2024-06-15
1995,112,105.85,21/10/2024
1996,191,264.06,2024-05-27
1997,262,460.29,03/11/2024
1998,48,457.56,26/08/2024
1999,35,743.97,2024-04-25
2000,37,851.38,2024-05-02
2001,380,689.02,25/01/2024
2002,140,105.47,2024-04-23
2003,398,NULL,2024-12-10
2004,139,973.78,24/10/2024
2005,327,162.80,07/01/2024
2006,102,194.34,06/09/2024
2007,137,775.95,2024-02-04
2008,419,998.68,03/04/2024
2009,274,188.62,23/06/2024
2010,191,225.12,2024-08-28
2011,154,912.52,2024-05-17
2012,219,958.37,2024-02-01
2013,338,548.60,29/02/2024
2014,374,989.26,20/11/2024
2015,475,539.18,08/07/2024
2016,168,587.60,2024-12-15
2017,85,372.76,2024-05-16
2018,99,722.71,2024-10-06
2019,446,99.72,2024-09-09
2020,239,158.23,2024-07-07
2021,105,845.72,2024-12-30
2022,447,678.12,2024-08-25
2023,232,409.26,2024-06-05
2024,181,561.98,24/03/2024
2025,309,153.91,2024-03-04
2026,154,NULL,19/08/2024
2027,389,582.41,2024-11-16
2028,316,737.66,21/02/2024
2029,258,215.77,2024-04-09
2030,313,702.71,2024-07-11
2031,38,750.24,21/05/2024
2032,485,533.03,2024-03-19
2033,201,602.92,2024-08-30
2034,328,465.65,03/10/2024
2035,259,16.24,17/06/2024
2036,10,496.40,28/01/2024
2037,229,935.41,19/06/2024
2038,496,794.50,27/12/2024
2039,71,274.08,29/09/2024
2040,207,889.50,2024-12-27
2041,91,101.48,2024-02-12
2042,272,227.60,2024-03-30
2043,146,734.58,21/02/2024
2044,160,893.29,2024-11-30
2045,421,782.01,04/02/2024
2046,11,87.75,2024-04-12
2047,348,94.81,2024-05-09
2048,103,209.55,11/12/2024
2049,203,736.77,27/02/2024
2050,293,500.88,26/01/2024
2051,11,451.54,2024-03-10
2052,224,991.94,2024-08-16
2053,193,NULL,21/03/2024
2054,443,199.84,2024-08-20
2055,131,181.19,2024-11-28
2056,252,388.23,2024-08-31
2057,325,298.69,2024-08-23
2058,59,920.90,2024-04-01
2059,232,434.58,24/11/2024
2060,101,913.46,2024-05-10
2061,473,436.13,05/08/2024
2062,226,1009.04,2024-12-02
2063,429,42.84,2024-11-27
2064,371,679.64,20/01/2024
2065,12,754.08,2024-12-02
2066,60,801.68,18/12/2024
2067,215,930.91,2024-08-22
2068,287,976.06,11/03/2024
2069,456,161.37,2024-09-02
2070,447,528.45,27/10/2024
2071,143,947.17,2024-03-28
2072,386,348.57,02/07/2024
2073,300,671.71,2024-03-05
2074,191,762.68,2024-11-13
2075,238,419.00,2024-06-27
2076,107,380.57,13/02/2024
2077,227,212.32,05/10/2024
2078,496,388.03,2024-04-03
2079,325,443.51,2024-05-23
2080,375,581.22,12/02/2024
2081,45,211.55,2024-01-10
2082,475,490.90,08/08/2024
2083,396,359.89,11/07/2024
2084,344,233.49,2024-01-22
2085,330,635.17,2024-12-08
2086,203,834.03,06/01/2024
2087,290,533.78,27/09/2024
2088,261,343.64,2024-08-25
2089,332,847.61,09/12/2024
2090,217,408.87,2024-09-07
2091,253,799.48,2024-06-17
2092,307,566.12,2024-01-18
2093,4,448.21,2024-04-07
2094,392,237.29,2024-04-09
2095,498,778.91,29/08/2024
2096,65,915.22,2024-01-15
2097,272,368.42,2024-12-02
2098,308,710.80,2024-10-09
2099,73,587.43,2024-08-31
2100,146,423.33,2024-03-26
2101,43,358.77,2024-11-12
2102,297,12.26,2024-09-17
2103,371,586.44,14/04/2024
2104,409,709.41,2024-12-07
2105,127,561.66,15/03/2024
2106,450,757.63,09/02/2024
2107,167,705.75,21/03/2024
2108,361,572.22,2024-03-08
2109,500,210.59,2024-10-28
2110,38,256.31,2024-01-04
2111,198,570.99,2024-02-07
2112,322,610.37,14/08/2024
2113,126,232.22,2024-12-15
2114,6,891.89,2024-08-28
2115,357,804.26,03/09/2024
2116,372,237.36,16/08/2024
2117,472,361.87,15/03/2024
2118,133,767.31,2024-01-04
2119,38,544.17,2024-06-19
2120,248,884.10,26/02/2024
2121,156,503.02,29/07/2024
2122,124,801.44,24/10/2024
2123,383,586.06,2024-01-25
2124,32,384.84,2024-07-19
2125,72,920.99,07/01/2024
2126,21,636.37,2024-07-13
2127,308,541.49,26/07/2024
2128,75,NULL,2024-08-01
2129,355,818.44,2024-12-24
2130,434,361.93,2024-11-16
2131,314,653.01,2024-07-26
2132,375,NULL,2024-07-14
2133,446,578.50,14/10/2024
2134,21,96.14,2024-04-08
2135,318,924.19,26/08/2024
2136,417,512.20,2024-01-19
2137,258,605.47,2024-09-02
2138,146,299.30,18/11/2024
2139,484,32.27,2024-09-19
2140,463,564.25,17/03/2024
2141,461,122.22,2024-11-06
2142,174,846.03,2024-10-08
2143,442,887.80,23/09/2024
2144,218,605.72,29/05/2024
2145,467,395.24,2024-11-30
2146,369,481.72,2024-04-30
2147,3,NULL,24/09/2024
2148,79,459.75,20/02/2024
2149,100,325.45,2024-03-12
2150,249,1008.39,27/06/2024
2151,281,982.62,2024-06-08
2152,286,21.41,29/01/2024
2153,61,490.35,17/01/2024
2154,169,754.60,08/02/2024
2155,163,564.75,2024-08-14
2156,264,322.66,11/03/2024
2157,143,378.72,11/06/2024
2158,150,888.91,2024-01-05
2159,136,797.88,2024-07-11
2160,352,552.90,2024-12-28
2161,96,331.07,2024-05-17
2162,439,659.32,11/06/2024
2163,396,743.48,2024-10-23
2164,325,107.37,06/01/2024
2165,446,400.33,2024-05-22
2166,408,78.03,2024-12-16
2167,453,502.43,2024-03-19
2168,228,807.20,20/01/2024
2169,1,225.54,2024-02-01
2170,398,207.82,2024-08-05
2171,236,425.76,27/08/2024
2172,69,191.29,2024-03-17
2173,399,384.22,2024-12-10
2174,138,923.92,2024-11-19
2175,327,103.85,2024-11-23
2176,292,352.58,07/04/2024
2177,80,514.72,2024-02-25
2178,80,223.71,19/08/2024
2179,2,588.42,2024-12-14
2180,82,248.88,29/01/2024
2181,159,800.05,2024-02-27
2182,38,293.30,2024-09-13
2183,192,886.91,2024-03-20
2184,88,606.52,04/10/2024
2185,437,795.09,2024-01-24
2186,138,67.09,2024-08-12
2187,402,437.49,2024-11-25
2188,301,683.74,25/05/2024
2189,270,898.23,2024-01-09
2190,155,426.06,2024-02-17
2191,315,859.69,28/06/2024
2192,218,207.35,2024-10-30
2193,253,NULL,2024-12-30
2194,76,335.26,27/10/2024
2195,22,581.23,2024-06-20
2196,218,537.74,12/02/2024
2197,281,617.58,2024-06-28
2198,235,951.54,01/09/2024
2199,27,144.97,2024-01-29
2200,352,296.68,2024-02-13
2201,406,58.97,17/08/2024
2202,342,581.00,14/09/2024
2203,340,340.08,2024-03-02
2204,174,118.98,2024-12-11
2205,86,NULL,2024-08-31
2206,361,842.72,03/05/2024
2207,294,848.48,26/08/2024
2208,482,414.78,07/01/2024
2209,377,313.89,27/12/2024
2210,403,883.70,09/05/2024
2211,96,879.37,2024-10-18
2212,478,17.96,2024-07-22
2213,20,497.93,2024-12-02
2214,491,770.04,08/08/2024
2215,445,507.40,2024-06-13
2216,245,989.81,2024-03-21
2217,107,361.78,2024-10-07
2218,76,791.71,2024-06-29
2219,386,547.06,2024-04-06
2220,300,220.49,08/08/2024
2221,342,975.48,10/03/2024
2222,450,945.02,2024-09-01
2223,332,549.86,2024-04-16
2224,57,101.47,22/09/2024
2225,220,NULL,2024-08-05
2226,407,942.93,2024-05-28
2227,257,185.14,2024-09-16
2228,7,639.78,04/11/2024
2229,92,383.54,2024-06-10
2230,36,NULL,2024-07-29
2231,43,235.02,04/07/2024
2232,216,858.13,28/03/2024
2233,67,329.29,2024-11-12
2234,20,870.01,2024-12-26
2235,199,NULL,2024-07-31
2236,57,766.38,11/05/2024
2237,411,NULL,2024-03-09
2238,491,798.39,2024-02-23
2239,16,490.34,02/11/2024
2240,217,933.01,2024-08-21
2241,76,731.09,07/05/2024
2242,217,326.71,12/02/2024
2243,470,937.96,2024-03-05
2244,56,NULL,2024-11-07
2245,454,174.88,2024-12-21
2246,92,446.21,21/08/2024
2247,318,351.58,2024-10-12
2248,13,839.40,2024-07-12
2249,122,377.13,2024-10-17
2250,21,977.73,06/01/2024
2251,465,205.04,06/05/2024
2252,85,529.43,10/05/2024
2253,117,776.47,2024-06-21
2254,351,327.99,26/09/2024
2255,338,799.73,03/12/2024
2256,124,583.72,02/09/2024
2257,465,339.09,2024-11-23
2258,79,1005.35,2024-06-30
2259,196,177.76,30/08/2024
2260,13,585.14,12/09/2024
2261,25,576.56,27/04/2024
2262,199,NULL,2024-07-01
2263,383,318.76,2024-12-26
2264,94,319.20,2024-03-10
2265,44,52.45,2024-01-08
2266,110,NULL,23/04/2024
2267,61,14.26,26/12/2024
2268,470,842.90,2024-05-17
2269,481,503.25,18/09/2024
2270,135,152.22,15/04/2024
2271,6,932.81,07/06/2024
2272,25,593.39,19/08/2024
2273,473,261.57,2024-04-12
2274,489,NULL,12/05/2024
2275,460,768.27,19/02/2024
2276,415,206.08,2024-04-09
2277,24,963.25,2024-09-06
2278,447,400.31,2024-05-17
2279,381,72.88,07/05/2024
2280,413,917.11,22/10/2024
2281,65,717.11,2024-04-07
2282,355,564.44,2024-02-28
2283,55,982.04,2024-06-29
2284,215,34.00,02/08/2024
2285,274,209.35,12/11/2024
2286,28,215.70,31/05/2024
2287,28,NULL,2024-10-09
2288,478,421.12,2024-03-19
2289,5,955.03,2024-11-18
2290,393,22.10,02/03/2024
2291,63,222.64,2024-11-28
2292,213,714.74,22/07/2024
2293,391,833.37,13/08/2024
2294,421,228.46,31/07/2024
2295,384,164.55,11/01/2024
2296,326,890.07,2024-11-10
2297,307,549.39,24/09/2024
2296,326,890.07,2024-11-10
2297,307,549.39,24/09/2024
2296,326,890.07,2024-11-10
2297,307,549.39,24/09/2024
2296,326,890.07,2024-11-10
2297,307,549.39,24/09/2024
2296,326,890.07,2024-11-10
2297,307,549.39,24/09/2024
2296,326,890.07,2024-11-10
2297,307,549.39,24/09/2024
2298,426,751.92,2024-06-08
2299,291,272.25,2024-09-29
2300,108,545.95,29/03/2024
2301,351,811.04,2024-11-26
2302,270,305.86,2024-10-06
2303,119,747.15,12/11/2024
2304,147,415.34,27/01/2024
2305,497,759.89,2024-04-22
2306,6,597.23,2024-01-25
2307,317,945.53,2024-01-29
2308,32,213.73,2024-04-20
2309,85,185.74,23/10/2024
2310,430,723.18,2024-10-25
2311,57,249.12,2024-07-08
2312,27,405.15,2024-01-09
2313,298,743.95,2024-08-02
2314,31,562.46,09/12/2024
2315,175,545.19,2024-01-14
2316,198,171.13,01/07/2024
2317,458,618.11,2024-04-27
2318,60,823.74,19/05/2024
2319,210,504.54,2024-08-13
2320,114,725.11,2024-07-20
2321,271,NULL,2024-11-22
2322,329,32.38,06/07/2024
2323,313,19.55,25/07/2024
2324,435,659.97,10/07/2024
2325,370,387.82,2024-07-13
2326,30,348.53,2024-11-22
2327,362,526.81,2024-04-21
2328,105,37.62,2024-08-23
2329,497,NULL,17/09/2024
2330,46,308.70,2024-11-07
2331,310,831.93,2024-01-15
2331,310,831.93,2024-01-15
2331,310,831.93,2024-01-15
2331,310,831.93,2024-01-15
2331,310,831.93,2024-01-15
2331,310,831.93,2024-01-15
2331,310,831.93,2024-01-15
2331,310,831.93,2024-01-15
2331,310,831.93,2024-01-15
2331,310,831.93,2024-01-15
2331,310,831.93,2024-01-15
2331,310,831.93,2024-01-15
2332,350,768.10,2024-02-13
2333,279,471.76,07/10/2024
2334,373,890.16,07/01/2024
2335,348,40.39,2024-04-25
2336,471,963.38,2024-08-21
2337,352,854.13,18/09/2024
2338,118,NULL,05/01/2024
2339,406,NULL,2024-04-07
2340,169,437.13,28/01/2024
2341,484,153.29,2024-01-05
2342,199,574.54,2024-02-22
2343,411,882.35,11/03/2024
2344,442,541.91,25/02/2024
2345,157,598.28,2024-05-13
2346,476,461.43,04/01/2024
2347,115,912.43,30/01/2024
2348,469,393.89,2024-11-09
2349,247,963.52,03/09/2024
2350,30,159.81,2024-04-26
2351,365,277.78,11/07/2024
2352,421,583.99,04/05/2024
2353,334,579.09,2024-10-20
2354,160,934.17,10/09/2024
2355,98,869.00,2024-07-26
2356,477,459.84,19/12/2024
2357,325,781.17,2024-10-21
2358,279,175.92,2024-02-21
2359,261,354.11,06/11/2024
2360,364,248.65,2024-12-24
2361,49,397.21,25/06/2024
2362,214,152.49,2024-11-13
2363,185,95.01,2024-04-15
2364,162,778.07,2024-09-05
2365,306,NULL,29/02/2024
2366,47,610.92,29/07/2024
2367,326,690.73,2024-01-29
2368,460,58.10,21/08/2024
2369,367,536.92,28/05/2024
2370,424,NULL,2024-07-13
2371,66,NULL,2024-02-14
2372,23,178.79,20/10/2024
2373,118,120.96,27/12/2024
2374,80,660.80,2024-12-04
2375,157,983.28,2024-09-01
2376,398,447.62,29/02/2024
2377,465,997.71,29/05/2024
2378,311,533.97,2024-05-14
2379,441,852.69,31/01/2024
2380,225,651.02,18/02/2024
2381,17,736.70,05/07/2024
2382,268,118.54,02/04/2024
2383,462,515.98,2024-04-19
2384,306,953.01,31/05/2024
2385,164,1002.11,2024-11-23
2386,84,225.37,2024-07-31
2387,485,601.29,2024-07-08
2388,310,832.58,2024-01-24
2389,400,633.16,2024-08-25
2390,69,285.38,29/12/2024
2391,244,768.96,17/01/2024
2392,414,NULL,2024-09-26
2393,21,805.86,03/10/2024
2394,354,160.86,2024-07-05
2395,291,127.40,29/12/2024
2396,283,516.67,17/07/2024
2397,341,816.78,2024-03-16
2398,432,886.31,16/11/2024
2399,243,527.63,17/06/2024
2400,353,573.38,11/05/2024
2401,287,210.54,2024-08-25
2402,152,909.94,2024-05-16
2403,211,695.24,22/03/2024
2404,373,57.94,17/03/2024
2405,417,203.99,09/03/2024
2406,439,498.49,2024-05-19
2407,3,390.63,07/03/2024
2408,56,NULL,2024-07-30
2409,363,286.94,2024-09-25
2410,271,856.76,2024-03-23
2411,434,692.05,29/02/2024
2412,243,265.32,23/06/2024
2413,24,874.45,2024-12-29
2414,113,36.18,2024-06-19
2415,104,567.16,2024-09-19
2416,484,465.57,15/12/2024
2417,499,581.78,2024-11-18
2418,431,687.50,15/02/2024
2419,165,380.80,31/01/2024
2420,149,308.34,2024-12-28
2421,315,963.79,17/06/2024
2422,256,350.87,14/11/2024
2423,412,23.57,2024-11-08
2424,274,187.78,14/06/2024
2425,40,NULL,2024-07-07
2426,410,276.48,2024-09-08
2427,174,313.90,2024-08-27
2428,372,505.28,20/09/2024
2429,445,707.53,2024-04-05
2430,146,513.48,09/12/2024
2431,120,141.02,2024-05-02
2432,22,924.39,2024-12-24
2433,37,903.39,23/04/2024
2434,483,560.83,11/10/2024
2435,320,386.04,21/05/2024
2436,15,825.23,25/03/2024
2437,377,90.16,30/09/2024
2438,77,151.88,23/04/2024
2439,56,810.20,12/03/2024
2440,313,821.30,13/10/2024
2441,295,224.53,07/10/2024
2442,496,296.74,12/07/2024
2443,109,823.89,2024-07-06
2444,399,814.67,2024-02-15
2445,250,128.66,04/10/2024
2446,66,498.03,02/02/2024
2447,259,19.93,17/07/2024
2448,187,64.98,2024-09-08
2449,364,690.66,2024-05-21
2450,442,624.41,20/09/2024
2451,334,865.15,2024-03-30
2452,472,47.96,29/03/2024
2453,201,204.22,27/01/2024
2454,486,264.78,09/02/2024
2455,210,613.73,2024-09-09
2456,182,600.25,2024-12-11
2457,253,917.06,07/09/2024
2458,496,493.44,2024-04-09
2459,63,670.79,2024-06-08
2460,267,196.37,2024-09-26
2461,55,332.44,2024-02-25
2462,446,327.15,2024-01-02
2463,126,457.00,2024-03-26
2464,313,268.53,11/04/2024
2465,180,725.28,2024-05-12
2466,356,217.51,2024-07-14
2467,394,277.28,29/12/2024
2468,449,824.11,2024-05-23
2469,131,880.32,2024-03-06
2470,14,906.44,2024-10-13
2471,422,766.44,14/10/2024
2472,154,921.89,27/07/2024
2473,337,227.37,30/01/2024
2474,483,41.33,25/11/2024
2475,158,408.44,24/09/2024
2476,252,100.25,09/03/2024
2477,230,303.17,10/06/2024
2478,208,501.58,11/08/2024
2479,206,856.42,2024-05-20
2480,87,26.39,2024-10-03
2481,452,499.46,2024-03-06
2482,357,NULL,2024-10-08
2483,480,531.84,13/04/2024
2484,453,680.59,05/08/2024
2485,6,321.00,2024-10-23
2486,409,776.48,2024-03-20
2487,188,988.88,25/03/2024
2488,229,606.42,18/03/2024
2489,228,854.66,13/12/2024
2490,438,947.64,10/12/2024
2491,135,774.61,05/02/2024
2492,328,958.34,2024-02-13
2493,109,12.88,2024-02-04
2494,6,815.74,2024-03-20
2495,456,776.03,09/05/2024
2496,192,115.47,2024-07-21
2497,427,429.96,23/04/2024
2498,307,824.94,2024-12-19
2499,399,995.39,2024-07-21
2500,336,427.35,22/11/2024
2501,195,152.71,2024-03-14
2502,117,95.91,2024-07-15
2503,207,41.89,2024-11-17
2504,9,173.60,15/12/2024
2505,157,565.10,2024-09-21
2506,293,35.36,2024-03-18
2507,244,531.88,15/07/2024
2508,16,626.20,02/06/2024
2509,373,89.44,18/10/2024
2510,487,443.03,2024-06-18
2511,32,429.68,29/05/2024
2512,22,814.01,22/11/2024
2513,145,944.10,24/02/2024
2514,288,427.42,2024-10-02
2515,183,725.87,2024-04-26
2516,461,482.07,02/09/2024
2517,56,354.20,17/07/2024
2518,185,989.65,15/04/2024
2519,357,354.34,2024-02-14
2520,357,862.74,2024-10-16
2521,478,128.40,25/08/2024
2522,28,426.47,04/06/2024
2523,362,533.92,2024-06-11
2524,211,587.26,2024-03-04
2525,63,151.82,27/07/2024
2526,330,927.24,2024-07-01
2527,477,477.04,2024-04-15
2528,417,10.70,04/07/2024
2529,118,546.97,2024-02-03
2530,120,872.16,2024-03-27
2531,245,205.41,2024-04-26
2532,125,728.76,2024-05-28
2533,450,690.41,2024-10-29
2534,214,950.05,2024-01-08
2535,399,246.62,26/04/2024
2536,191,585.29,03/07/2024
2537,197,59.53,2024-05-27
2538,144,273.09,2024-05-30
2539,74,29.80,2024-01-21
2540,208,281.73,2024-06-05
2541,101,994.84,2024-11-24
2542,94,614.91,24/10/2024
2543,49,NULL,2024-06-28
2544,342,661.20,24/03/2024
2545,418,946.09,08/04/2024
2546,354,494.64,05/11/2024
2547,230,386.47,2024-01-09
2548,111,NULL,2024-07-11
2549,28,286.33,04/10/2024
2550,425,264.00,11/03/2024
2551,396,509.89,20/05/2024
2552,396,631.99,2024-09-14
2553,195,967.71,11/09/2024
2554,272,492.06,2024-04-10
2555,375,329.98,2024-05-05
2556,68,839.87,18/07/2024
2557,57,308.38,2024-08-23
2558,49,466.31,2024-10-20
2559,60,558.42,07/05/2024
2560,75,48.65,24/05/2024
2561,334,754.59,24/02/2024
2562,458,891.38,08/07/2024
2563,248,115.56,2024-07-21
2564,224,540.17,2024-01-18
2565,230,365.08,15/08/2024
2566,52,915.45,2024-04-13
2567,307,268.90,2024-05-25
2568,42,857.15,2024-05-10
2569,23,647.36,2024-09-14
2570,178,261.61,29/07/2024
2571,44,262.34,05/01/2024
2572,302,66.89,29/08/2024
2573,103,NULL,2024-10-29
2574,190,896.75,08/06/2024
2575,264,41.66,10/11/2024
2576,367,225.69,2024-06-30
2577,498,457.44,2024-07-18
2578,199,564.40,2024-12-14
2579,304,23.81,2024-10-19
2580,152,656.66,2024-07-21
2581,41,474.99,05/02/2024
2582,96,734.67,2024-01-22
2583,177,907.04,2024-11-10
2584,91,49.85,17/02/2024
2585,449,813.70,2024-03-11
2586,402,786.96,2024-07-13
2587,471,733.58,12/04/2024
2588,266,485.33,2024-04-02
2589,229,288.27,2024-03-01
2590,215,952.12,2024-01-16
2591,447,23.56,19/03/2024
2592,462,71.12,10/11/2024
2593,41,874.95,2024-09-13
2594,466,957.95,19/08/2024
2595,446,59.41,2024-12-04
2596,397,542.17,21/12/2024
2597,263,953.76,2024-03-17
2598,111,732.31,25/09/2024
2599,72,85.03,2024-02-23
2600,53,156.19,27/10/2024
2601,381,407.92,2024-09-14
2602,296,412.19,2024-04-28
2603,55,539.66,2024-01-28
2604,288,533.65,2024-10-10
2605,440,680.46,29/10/2024
2606,321,693.89,19/03/2024
2607,161,819.00,26/06/2024
2608,441,101.11,2024-10-20
2609,88,806.70,2024-07-22
2610,8,999.86,2024-08-31
2611,79,459.33,2024-02-12
2612,455,241.75,2024-03-22
2613,182,649.91,2024-11-22
2614,91,569.08,01/01/2024
2615,300,152.18,2024-04-26
2616,174,862.22,2024-01-26
2617,285,492.35,17/01/2024
2618,365,387.79,11/08/2024
2619,5,46.14,2024-08-08
2620,195,516.88,17/02/2024
2621,133,882.16,2024-03-07
2622,113,266.42,2024-11-02
2623,316,298.66,2024-10-21
2624,218,476.91,12/12/2024
2625,268,554.91,13/07/2024
2626,484,287.06,2024-07-22
2627,378,263.52,2024-01-07
2628,112,629.59,2024-10-09
2629,43,298.44,16/09/2024
2630,104,896.76,2024-12-27
2631,381,887.36,2024-10-28
2632,228,629.45,2024-09-03
2633,128,500.52,2024-01-09
2634,8,NULL,2024-12-10
2635,370,115.85,2024-05-10
2636,493,303.95,2024-09-20
2637,425,862.71,21/07/2024
2638,356,329.92,2024-09-02
2639,290,678.04,2024-06-24
2640,155,627.00,2024-12-06
2641,199,752.20,09/07/2024
2642,84,823.67,16/12/2024
2643,483,820.22,16/09/2024
2644,432,369.84,23/01/2024
2645,314,885.44,2024-12-24
2646,172,844.53,2024-10-05
2647,129,204.96,2024-05-24
2648,494,781.49,2024-10-13
2649,31,588.70,12/06/2024
2650,65,122.50,2024-12-23
2651,455,319.88,2024-09-13
2652,165,739.55,22/11/2024
2653,209,802.94,2024-04-21
2654,157,313.76,2024-12-16
2655,41,367.05,23/01/2024
2656,313,843.33,17/03/2024
2657,13,406.05,19/04/2024
2658,4,678.44,2024-08-18
2659,186,716.28,2024-01-30
2660,240,343.93,15/01/2024
2661,284,924.97,10/04/2024
2662,81,451.54,06/12/2024
2663,453,943.03,31/07/2024
2664,243,936.70,2024-03-29
2665,201,170.00,2024-06-09
2666,123,821.62,17/03/2024
2667,32,262.14,19/03/2024
2668,249,692.47,2024-07-01
2669,384,386.10,2024-04-01
2670,311,911.10,16/07/2024
2671,179,738.61,20/08/2024
2672,348,748.54,2024-10-07
2673,429,303.61,2024-11-14
2674,358,621.92,13/03/2024
2675,187,249.24,07/03/2024
2676,385,185.97,2024-06-06
2677,89,438.18,18/07/2024
2678,319,817.55,10/08/2024
2679,415,94.21,22/02/2024
2680,140,980.89,2024-12-10
2681,404,604.85,14/01/2024
2682,47,483.11,28/02/2024
2683,425,306.54,27/12/2024
2684,211,444.49,2024-06-15
2685,16,820.41,2024-02-14
2686,242,NULL,2024-09-19
2687,142,474.83,2024-04-11
2688,392,74.63,07/03/2024
2689,344,381.85,18/11/2024
2690,410,784.06,2024-04-30
2691,31,383.77,2024-07-22
2692,491,228.14,24/04/2024
2693,197,NULL,2024-07-24
2694,19,396.21,01/01/2024
2695,355,588.94,14/08/2024
2696,146,102.36,2024-02-18
2697,308,558.81,2024-11-21
2698,169,NULL,15/03/2024
2699,440,287.53,10/05/2024
2700,335,365.95,2024-09-30
2701,428,NULL,2024-11-07
2702,252,255.48,20/02/2024
2703,285,455.98,2024-05-06
2704,464,174.04,12/10/2024
2705,371,596.03,2024-06-19
2706,399,537.70,2024-11-09
2707,315,956.26,27/04/2024
2708,258,514.32,2024-12-10
2709,320,944.26,2024-12-28
2710,146,488.44,2024-06-24
2711,225,689.64,2024-11-15
2712,212,217.55,2024-02-17
2713,499,994.20,23/09/2024
2714,118,266.92,03/10/2024
2715,436,800.18,2024-03-06
2716,381,97.96,2024-10-24
2717,113,732.31,2024-09-14
2718,401,49.10,2024-07-15
2719,51,156.85,16/11/2024
2720,97,116.89,2024-04-15
2721,439,984.32,12/08/2024
2722,77,155.35,2024-05-19
2723,8,637.11,09/10/2024
2724,439,678.84,26/10/2024
2725,307,153.82,2024-03-21
2726,158,612.21,10/08/2024
2727,102,324.46,22/02/2024
2728,333,505.61,2024-06-03
2729,386,614.57,20/07/2024
2730,468,NULL,27/06/2024
2731,256,926.73,23/10/2024
2732,60,469.00,2024-08-23
2733,408,267.72,2024-07-21
2734,90,615.21,20/11/2024
2735,214,65.79,2024-03-17
2736,214,238.04,2024-06-28
2737,277,806.18,23/02/2024
2738,209,965.61,2024-05-27
2739,231,63.42,15/11/2024
2739,231,63.42,15/11/2024
2739,231,63.42,15/11/2024
2739,231,63.42,15/11/2024
2739,231,63.42,15/11/2024
2739,231,63.42,15/11/2024
2739,231,63.42,15/11/2024
2739,231,63.42,15/11/2024
2739,231,63.42,15/11/2024
2739,231,63.42,15/11/2024
2739,231,63.42,15/11/2024
2739,231,63.42,15/11/2024
2739,231,63.42,15/11/2024
2740,175,597.14,2024-01-03
2741,186,64.57,2024-09-13
2742,100,823.57,01/09/2024
2743,42,769.38,2024-09-08
2744,335,390.96,18/03/2024
2745,422,395.65,26/09/2024
2746,76,273.20,2024-08-21
2747,71,514.08,22/04/2024
2748,28,570.30,2024-02-25
2749,234,966.60,23/12/2024
2750,194,837.42,27/03/2024
2751,376,NULL,2024-10-19
2752,19,809.86,2024-11-10
2753,179,902.46,2024-10-01
2754,53,27.24,20/05/2024
2755,31,568.70,27/01/2024
2756,160,902.80,06/02/2024
2757,220,128.99,2024-04-26
2758,395,573.48,2024-08-10
2759,236,233.67,2024-01-02
2760,206,NULL,2024-10-20
2761,31,281.92,2024-08-13
2762,17,460.36,03/04/2024
2763,161,211.33,2024-12-08
2764,82,NULL,2024-08-20
2765,296,NULL,08/02/2024
2766,95,561.46,2024-10-12
2767,127,831.77,02/05/2024
2768,299,115.15,2024-08-15
2769,177,423.30,04/09/2024
2770,119,80.17,2024-03-10
2771,158,NULL,08/05/2024
2772,270,612.89,05/08/2024
2773,370,331.85,2024-06-16
2774,321,238.54,2024-07-25
2775,441,890.54,20/10/2024
2776,76,268.01,18/07/2024
2777,474,606.59,2024-10-26
2778,468,278.42,2024-09-06
2779,164,954.00,2024-12-26
2780,23,182.46,15/11/2024
2781,71,990.92,2024-05-12
2782,419,958.50,27/06/2024
2783,24,684.04,22/05/2024
2784,355,738.01,2024-06-13
2785,336,NULL,01/02/2024
2786,185,833.67,28/04/2024
2787,272,114.24,31/01/2024
2788,293,611.67,2024-03-01
2789,424,149.16,09/01/2024
2790,328,62.82,2024-02-09
2791,289,104.36,2024-08-05
2792,325,362.43,07/11/2024
2793,62,909.47,24/12/2024
2794,451,94.97,2024-07-05
2795,146,768.75,16/10/2024
2796,464,514.98,2024-03-29
2797,480,472.77,28/02/2024
2798,234,887.49,2024-06-22
2799,454,851.68,2024-10-29
2800,266,255.84,2024-11-22
2801,149,96.02,20/12/2024
2802,357,156.11,2024-05-09
2803,249,622.66,2024-03-02
2804,221,180.90,2024-04-10
2805,54,208.66,2024-10-25
2806,223,502.55,11/05/2024
2807,152,242.88,2024-09-14
2808,441,817.65,01/06/2024
2809,295,697.01,29/09/2024
2810,325,NULL,14/05/2024
2811,308,13.83,13/07/2024
2812,171,508.91,29/05/2024
2813,253,967.78,2024-08-27
2814,281,500.81,2024-04-13
2815,284,218.96,12/11/2024
2816,23,964.13,2024-09-22
2817,443,568.97,26/08/2024
2818,33,637.45,05/05/2024
2819,292,676.17,2024-05-30
2820,8,138.15,22/04/2024
2821,63,151.49,2024-07-22
2822,498,562.30,2024-07-13
2823,74,271.58,2024-08-22
2824,279,627.74,2024-09-20
2825,33,617.45,2024-12-13
2826,50,885.31,28/09/2024
2827,152,481.79,2024-03-30
2828,316,204.11,2024-01-05
2829,451,676.46,2024-07-18
2830,1,864.81,22/03/2024
2831,324,901.07,2024-02-06
2832,116,619.01,26/06/2024
2833,25,769.11,25/12/2024
2834,284,709.03,2024-03-06
2835,166,619.11,2024-08-01
2836,440,586.33,2024-01-12
2837,149,88.09,22/10/2024
2838,211,140.13,2024-09-04
2839,276,972.85,2024-04-29
2840,352,596.28,20/10/2024
2841,43,NULL,2024-12-04
2842,135,998.63,13/05/2024
2843,13,NULL,08/04/2024
2844,67,896.34,2024-08-22
2845,318,324.73,2024-04-07
2846,406,853.01,16/09/2024
2847,106,976.08,17/06/2024
2848,47,127.56,25/05/2024
2849,469,651.30,2024-10-03
2850,289,362.03,2024-06-27
2851,358,424.45,2024-06-07
2852,484,776.34,06/11/2024
2853,282,648.24,20/01/2024
2854,46,188.47,28/07/2024
2855,405,164.97,2024-09-02
2856,439,220.64,2024-02-10
2857,358,47.05,09/04/2024
2858,468,480.12,2024-07-08
2859,119,433.36,29/11/2024
2860,431,232.58,25/06/2024
2861,61,441.54,2024-02-09
2862,252,447.61,2024-10-13
2863,32,622.55,28/01/2024
2864,417,182.55,13/10/2024
2865,375,678.58,19/12/2024
2866,132,235.50,2024-12-03
2867,433,156.43,30/12/2024
2868,368,194.88,2024-11-21
2869,398,119.04,2024-11-28
2870,309,919.53,19/09/2024
2871,65,70.55,2024-12-24
2872,205,300.43,30/10/2024
2873,367,677.18,2024-01-29
2874,471,530.00,01/06/2024
2875,254,883.69,2024-01-14
2876,293,343.16,24/01/2024
2877,343,117.17,2024-11-12
2878,413,130.91,16/11/2024
2879,125,315.75,2024-07-24
2880,365,602.34,08/09/2024
2881,86,416.13,2024-03-06
2882,427,118.72,19/05/2024
2883,441,679.68,2024-10-16
2884,143,NULL,25/08/2024
2885,92,310.01,2024-01-17
2886,230,448.07,2024-03-07
2887,410,266.74,2024-07-05
2888,294,250.83,17/04/2024
2889,234,852.69,2024-10-21
2890,218,454.87,2024-07-18
2891,400,413.87,2024-06-23
2892,291,615.06,2024-04-05
2893,234,335.73,2024-12-27
2894,484,432.62,2024-05-01
2895,50,215.91,2024-01-08
2896,257,27.18,2024-09-13
2921,41,186.09,2024-08-11
2922,89,NULL,2024-05-13
2923,363,465.16,2024-02-17
2924,276,183.07,2024-05-01
2925,174,689.63,12/10/2024
2926,208,407.48,2024-10-27
2927,352,NULL,07/07/2024
2928,95,403.65,2024-10-11
2929,264,888.95,2024-12-15
2930,118,811.59,10/02/2024
2931,124,772.28,05/04/2024
2932,489,589.67,2024-03-21
2933,161,791.35,13/12/2024
2945,182,331.87,06/11/2024
2946,82,830.48,15/02/2024
2947,339,NULL,2024-12-17
2948,414,765.96,01/12/2024
2949,242,848.15,30/07/2024
2950,120,578.87,28/08/2024
2951,439,416.40,2024-10-29
2952,355,212.85,2024-06-18
2953,442,NULL,08/03/2024
2954,290,972.77,2024-01-30
2955,12,304.22,2024-05-19
2956,177,34.41,15/04/2024
2957,315,519.28,2024-01-04
2958,464,268.67,25/07/2024
2959,211,797.09,2024-03-01
2960,354,NULL,05/05/2024
2961,220,506.89,2024-06-25
2962,219,350.42,2024-07-15
2963,79,392.68,07/11/2024
2963,79,392.68,07/11/2024
2963,79,392.68,07/11/2024
2964,35,734.79,21/02/2024
2965,459,80.74,2024-01-31
2966,420,226.10,20/07/2024
2967,20,572.76,07/05/2024
2968,64,572.30,13/07/2024
2969,265,NULL,2024-02-01
2970,251,736.66,2024-04-16
2971,387,645.13,10/02/2024
2972,476,245.27,2024-11-28
2973,395,703.36,2024-01-25
2974,422,NULL,2024-08-29
2975,342,113.70,29/10/2024
2976,231,709.35,21/02/2024
2977,284,345.72,11/04/2024
2978,10,260.08,30/07/2024
2990,44,247.59,2024-09-24
2991,301,222.61,2024-08-18
2992,99,871.45,04/08/2024
2993,429,986.57,01/11/2024
2994,60,111.83,08/11/2024
2995,290,906.47,2024-10-29
2996,318,555.47,2024-08-22
2997,122,735.25,2024-08-02
2998,342,199.75,18/06/2024
2999,151,660.94,2024-08-29
2999,151,660.94,2024-08-29
3000,272,37.22,2024-08-14